UserID,Name,Gender,Age,MovieID,Rating
1,John,Male,56,11346,1.26
1,John,Male,56,108331,4.35
1,John,Male,56,27922,1.72
1,John,Male,56,40071,1.56
1,John,Male,56,93103,3.64
1,John,Male,56,373546,2.95
1,John,Male,56,203071,1.24
1,John,Male,56,59441,1.21
1,John,Male,56,77878,4.87
1,John,Male,56,9272,3.72
1,John,Male,56,36245,1.89
1,John,Male,56,314946,1.87
1,John,Male,56,10851,2.86
1,John,Male,56,46027,2.28
1,John,Male,56,149459,2.54
1,John,Male,56,64349,3.29
1,John,Male,56,13107,2.06
1,John,Male,56,254194,1.54
1,John,Male,56,118876,2.65
2,Michael,Male,45,104343,4.31
2,Michael,Male,45,20444,1.89
2,Michael,Male,45,39264,1.77
2,Michael,Male,45,42729,1.94
2,Michael,Male,45,122671,4.43
2,Michael,Male,45,283704,2.93
2,Michael,Male,45,386891,4.8
2,Michael,Male,45,68761,3.11
2,Michael,Male,45,316727,2.86
2,Michael,Male,45,174358,2.54
2,Michael,Male,45,393659,1.14
2,Michael,Male,45,14000,2.94
2,Michael,Male,45,12455,2.94
2,Michael,Male,45,66700,4.78
2,Michael,Male,45,41777,3.79
2,Michael,Male,45,399798,2.41
2,Michael,Male,45,12577,2.12
2,Michael,Male,45,44885,4.72
2,Michael,Male,45,13259,2.36
2,Michael,Male,45,105130,1.5
2,Michael,Male,45,362150,3.79
2,Michael,Male,45,16899,2.32
2,Michael,Male,45,388192,2.3
2,Michael,Male,45,405204,1.83
2,Michael,Male,45,124639,2.1
2,Michael,Male,45,37024,1.36
2,Michael,Male,45,171859,2.92
2,Michael,Male,45,32866,2.5
2,Michael,Male,45,50201,2.56
2,Michael,Male,45,148536,2.93
2,Michael,Male,45,13507,2.43
2,Michael,Male,45,13179,3.7
2,Michael,Male,45,171861,2.35
2,Michael,Male,45,15429,2.62
2,Michael,Male,45,94854,2.49
2,Michael,Male,45,58937,4.44
2,Michael,Male,45,128136,4.68
2,Michael,Male,45,41668,4.38
2,Michael,Male,45,23142,1.75
2,Michael,Male,45,27405,1.37
2,Michael,Male,45,81409,1.89
2,Michael,Male,45,180048,4.36
2,Michael,Male,45,47439,3.83
2,Michael,Male,45,53031,2.3
3,David,Male,24,230217,2.37
3,David,Male,24,102155,3.99
3,David,Male,24,55027,3.18
3,David,Male,24,56647,1.08
3,David,Male,24,41966,4.01
3,David,Male,24,1404,1.75
3,David,Male,24,89998,3.7
3,David,Male,24,32728,2.67
3,David,Male,24,81435,4.81
3,David,Male,24,65632,2.42
3,David,Male,24,43872,2.49
4,James,Male,51,16902,1.7
4,James,Male,51,17806,3.48
4,James,Male,51,194407,4.65
4,James,Male,51,296917,3.31
4,James,Male,51,436994,1.09
4,James,Male,51,72449,3.59
4,James,Male,51,287767,3.78
4,James,Male,51,29400,4.95
4,James,Male,51,64454,2.13
4,James,Male,51,55198,4.3
4,James,Male,51,39064,1.79
4,James,Male,51,18231,4.49
4,James,Male,51,90603,1.69
4,James,Male,51,37843,3.91
4,James,Male,51,49872,4.29
4,James,Male,51,40807,3.53
4,James,Male,51,21266,1.07
4,James,Male,51,194757,1.95
4,James,Male,51,113091,3.25
4,James,Male,51,24002,2.38
4,James,Male,51,204342,2.69
4,James,Male,51,43414,1.75
4,James,Male,51,82474,4.54
4,James,Male,51,13280,4.13
4,James,Male,51,105121,4.73
4,James,Male,51,18117,3.52
4,James,Male,51,8390,2.88
4,James,Male,51,381028,2.43
4,James,Male,51,22434,4.4
4,James,Male,51,713,3.23
4,James,Male,51,22060,1.18
4,James,Male,51,239417,1.04
4,James,Male,51,122895,2.94
4,James,Male,51,386743,3.87
5,Robert,Male,61,43626,2.87
5,Robert,Male,61,54880,4.41
5,Robert,Male,61,358511,1.99
5,Robert,Male,61,89309,1.85
5,Robert,Male,61,437838,2.8
5,Robert,Male,61,2293,2.44
5,Robert,Male,61,51311,2.34
5,Robert,Male,61,41639,1.62
5,Robert,Male,61,53374,2.59
5,Robert,Male,61,64079,4.95
5,Robert,Male,61,108246,1.06
5,Robert,Male,61,60079,1.27
5,Robert,Male,61,148622,3.48
6,William,Male,18,350831,3.68
6,William,Male,18,68078,3.89
6,William,Male,18,83105,4.04
6,William,Male,18,24122,3.25
6,William,Male,18,28943,2.07
6,William,Male,18,45273,3.34
6,William,Male,18,325803,4.37
6,William,Male,18,163942,1.21
6,William,Male,18,13127,1.96
6,William,Male,18,154282,4.97
6,William,Male,18,32430,4.52
6,William,Male,18,85988,3.12
6,William,Male,18,119482,2.77
6,William,Male,18,403570,1.17
6,William,Male,18,4247,4.88
6,William,Male,18,361597,1.37
6,William,Male,18,20879,2.41
6,William,Male,18,17439,1.52
6,William,Male,18,315439,2.65
6,William,Male,18,105121,2.94
6,William,Male,18,76424,3.9
6,William,Male,18,943,2.94
6,William,Male,18,79896,2.93
6,William,Male,18,264397,4.79
6,William,Male,18,175171,4.09
6,William,Male,18,9776,1.77
6,William,Male,18,133701,1.73
6,William,Male,18,84288,3.45
6,William,Male,18,257200,3.3
6,William,Male,18,3016,1.59
6,William,Male,18,52979,2.2
6,William,Male,18,202456,3.44
6,William,Male,18,190474,1.36
6,William,Male,18,27196,4.39
6,William,Male,18,215736,1.5
6,William,Male,18,12556,4.45
6,William,Male,18,38020,2.06
6,William,Male,18,74525,1.02
6,William,Male,18,9312,1.28
6,William,Male,18,10244,1.75
6,William,Male,18,169644,2.12
6,William,Male,18,51078,4.44
6,William,Male,18,25079,3.73
7,Joseph,Male,55,10913,2.85
7,Joseph,Male,55,167707,3.83
7,Joseph,Male,55,59046,4.64
7,Joseph,Male,55,23104,1.46
7,Joseph,Male,55,9930,1.83
7,Joseph,Male,55,1965,2.31
7,Joseph,Male,55,224659,2.2
7,Joseph,Male,55,118612,1.69
7,Joseph,Male,55,22554,2.23
7,Joseph,Male,55,59828,3.67
7,Joseph,Male,55,171587,2.16
7,Joseph,Male,55,77331,1.32
7,Joseph,Male,55,82397,4.5
7,Joseph,Male,55,51349,4.14
7,Joseph,Male,55,74436,3.42
7,Joseph,Male,55,57019,2.86
7,Joseph,Male,55,9673,3.43
7,Joseph,Male,55,81760,2.5
7,Joseph,Male,55,223485,2.54
7,Joseph,Male,55,293796,2.02
7,Joseph,Male,55,9354,2.85
7,Joseph,Male,55,130243,3.22
7,Joseph,Male,55,310589,2.01
7,Joseph,Male,55,711,1.95
7,Joseph,Male,55,265226,3.04
7,Joseph,Male,55,84391,2.26
7,Joseph,Male,55,193595,2.94
7,Joseph,Male,55,209185,3.66
7,Joseph,Male,55,56171,1.36
7,Joseph,Male,55,408140,1.04
7,Joseph,Male,55,42553,3.45
7,Joseph,Male,55,13403,1.53
7,Joseph,Male,55,76395,2.05
7,Joseph,Male,55,91891,3.03
7,Joseph,Male,55,26702,3.04
7,Joseph,Male,55,429713,3.02
7,Joseph,Male,55,83007,2.34
7,Joseph,Male,55,12599,1.55
7,Joseph,Male,55,458808,4.2
7,Joseph,Male,55,22473,1.12
7,Joseph,Male,55,18421,2.41
7,Joseph,Male,55,14612,4.98
7,Joseph,Male,55,8316,3.22
7,Joseph,Male,55,24524,4.82
8,Charles,Male,28,289153,2.53
8,Charles,Male,28,188598,3.44
8,Charles,Male,28,36926,2.89
8,Charles,Male,28,65887,2.21
8,Charles,Male,28,2193,1.07
8,Charles,Male,28,34647,3.62
8,Charles,Male,28,44522,4.5
8,Charles,Male,28,92391,4.27
8,Charles,Male,28,61492,4.52
8,Charles,Male,28,52150,1.59
8,Charles,Male,28,36877,4.5
8,Charles,Male,28,16885,3.01
8,Charles,Male,28,24798,3.3
8,Charles,Male,28,21991,4.48
8,Charles,Male,28,90228,2.61
8,Charles,Male,28,133792,1.2
8,Charles,Male,28,28789,2.01
8,Charles,Male,28,2117,1.84
8,Charles,Male,28,25651,3.85
8,Charles,Male,28,132379,1.98
8,Charles,Male,28,28489,3.66
8,Charles,Male,28,267319,4.64
8,Charles,Male,28,27255,4.91
8,Charles,Male,28,207680,1.1
8,Charles,Male,28,16993,2.25
8,Charles,Male,28,290930,4.83
8,Charles,Male,28,29151,4.48
8,Charles,Male,28,27972,4.73
8,Charles,Male,28,60437,4.35
8,Charles,Male,28,186254,2.11
8,Charles,Male,28,196789,4.75
8,Charles,Male,28,49186,4.7
8,Charles,Male,28,10379,3.17
8,Charles,Male,28,211845,3.44
8,Charles,Male,28,365447,2.08
8,Charles,Male,28,173151,1.98
8,Charles,Male,28,28205,3.57
8,Charles,Male,28,17021,4.09
8,Charles,Male,28,122252,4.18
9,Thomas,Male,60,10759,4.06
9,Thomas,Male,60,291577,4.45
9,Thomas,Male,60,61070,3.06
9,Thomas,Male,60,14905,2.33
9,Thomas,Male,60,291290,1.67
9,Thomas,Male,60,13001,2.39
9,Thomas,Male,60,21671,3.92
9,Thomas,Male,60,352094,4.43
9,Thomas,Male,60,25105,4.9
9,Thomas,Male,60,86283,3.8
9,Thomas,Male,60,762,4.21
9,Thomas,Male,60,414173,2.97
9,Thomas,Male,60,37196,3.02
9,Thomas,Male,60,96664,3.87
9,Thomas,Male,60,72359,2.61
9,Thomas,Male,60,74878,4.37
9,Thomas,Male,60,64792,3.41
9,Thomas,Male,60,60555,2.09
9,Thomas,Male,60,390584,2.94
10,Daniel,Male,24,338065,1.56
10,Daniel,Male,24,169089,4.82
10,Daniel,Male,24,158916,2.06
10,Daniel,Male,24,264081,1.07
10,Daniel,Male,24,97648,1.19
10,Daniel,Male,24,108972,2.7
10,Daniel,Male,24,203539,1.23
10,Daniel,Male,24,365707,4.06
10,Daniel,Male,24,14159,1.66
10,Daniel,Male,24,172533,4.49
10,Daniel,Male,24,40651,4.04
10,Daniel,Male,24,10516,3.18
10,Daniel,Male,24,173914,3.6
10,Daniel,Male,24,20642,1.94
10,Daniel,Male,24,77850,4.69
10,Daniel,Male,24,6973,4.98
10,Daniel,Male,24,152790,3.22
10,Daniel,Male,24,811,2.46
10,Daniel,Male,24,96,4.25
10,Daniel,Male,24,80618,4.8
10,Daniel,Male,24,206324,3.92
10,Daniel,Male,24,88284,2.86
10,Daniel,Male,24,73452,3.0
10,Daniel,Male,24,280000,3.42
10,Daniel,Male,24,300945,4.09
10,Daniel,Male,24,37024,2.19
10,Daniel,Male,24,208447,4.4
10,Daniel,Male,24,13204,1.4
10,Daniel,Male,24,13548,3.31
10,Daniel,Male,24,43234,4.58
10,Daniel,Male,24,3575,1.34
10,Daniel,Male,24,202152,4.22
10,Daniel,Male,24,126015,3.31
10,Daniel,Male,24,211052,4.15
10,Daniel,Male,24,110261,3.17
10,Daniel,Male,24,20379,4.8
10,Daniel,Male,24,28261,2.42
10,Daniel,Male,24,8880,3.65
10,Daniel,Male,24,355065,4.23
10,Daniel,Male,24,125123,3.41
10,Daniel,Male,24,271234,3.56
10,Daniel,Male,24,51334,2.04
10,Daniel,Male,24,15768,3.23
10,Daniel,Male,24,508,1.2
10,Daniel,Male,24,118497,4.43
10,Daniel,Male,24,137,3.26
11,Matthew,Male,24,24920,1.97
11,Matthew,Male,24,14310,3.54
11,Matthew,Male,24,45928,4.6
11,Matthew,Male,24,167313,2.27
11,Matthew,Male,24,161064,4.2
11,Matthew,Male,24,31248,5.0
11,Matthew,Male,24,185471,1.91
11,Matthew,Male,24,294652,2.18
11,Matthew,Male,24,15049,2.66
11,Matthew,Male,24,348762,1.68
11,Matthew,Male,24,1616,3.98
11,Matthew,Male,24,125409,4.88
11,Matthew,Male,24,128563,1.17
12,Anthony,Male,56,21972,4.83
12,Anthony,Male,56,82321,2.52
13,Mark,Male,30,97767,1.85
13,Mark,Male,30,50203,1.98
13,Mark,Male,30,34078,4.9
13,Mark,Male,30,28058,3.07
13,Mark,Male,30,53000,1.27
13,Mark,Male,30,49616,2.09
13,Mark,Male,30,46040,3.54
13,Mark,Male,30,10034,2.54
13,Mark,Male,30,15008,4.89
13,Mark,Male,30,48309,4.86
13,Mark,Male,30,119256,3.54
13,Mark,Male,30,33009,4.7
13,Mark,Male,30,114638,1.58
13,Mark,Male,30,75224,3.16
13,Mark,Male,30,280,4.98
13,Mark,Male,30,299513,4.78
13,Mark,Male,30,34312,2.88
13,Mark,Male,30,50697,3.1
13,Mark,Male,30,37686,4.16
13,Mark,Male,30,74718,3.58
13,Mark,Male,30,25195,4.77
13,Mark,Male,30,10306,1.76
13,Mark,Male,30,59803,3.64
13,Mark,Male,30,193977,2.13
13,Mark,Male,30,52661,2.31
13,Mark,Male,30,228455,2.26
13,Mark,Male,30,7237,3.64
13,Mark,Male,30,69899,4.12
13,Mark,Male,30,44165,1.54
13,Mark,Male,30,421962,1.35
13,Mark,Male,30,42290,4.86
13,Mark,Male,30,24908,4.07
13,Mark,Male,30,35411,2.97
13,Mark,Male,30,165567,3.63
13,Mark,Male,30,149832,1.52
13,Mark,Male,30,115383,1.55
13,Mark,Male,30,49037,3.58
13,Mark,Male,30,1772,2.59
14,Donald,Male,33,151436,1.04
14,Donald,Male,33,43151,1.77
14,Donald,Male,33,194931,3.87
14,Donald,Male,33,35955,4.89
14,Donald,Male,33,297608,2.51
14,Donald,Male,33,39871,4.97
14,Donald,Male,33,232100,3.1
14,Donald,Male,33,2457,4.03
14,Donald,Male,33,19108,2.64
14,Donald,Male,33,309882,4.9
14,Donald,Male,33,11812,2.08
14,Donald,Male,33,35683,4.08
14,Donald,Male,33,44947,4.68
14,Donald,Male,33,300,2.62
14,Donald,Male,33,126889,2.65
14,Donald,Male,33,129089,1.69
15,Steven,Male,25,41545,4.8
15,Steven,Male,25,214629,2.34
16,Paul,Male,21,116979,2.32
16,Paul,Male,21,21997,4.34
16,Paul,Male,21,68629,4.43
16,Paul,Male,21,142946,3.53
16,Paul,Male,21,72648,3.88
16,Paul,Male,21,53116,2.27
16,Paul,Male,21,27907,4.84
16,Paul,Male,21,81347,2.74
16,Paul,Male,21,1631,2.88
16,Paul,Male,21,10699,4.68
16,Paul,Male,21,40719,2.82
16,Paul,Male,21,385761,2.26
16,Paul,Male,21,112346,1.93
16,Paul,Male,21,39053,1.51
16,Paul,Male,21,62999,1.63
16,Paul,Male,21,66187,4.65
16,Paul,Male,21,45511,2.7
16,Paul,Male,21,46027,2.96
16,Paul,Male,21,364834,4.47
17,Andrew,Male,61,43734,2.95
17,Andrew,Male,61,52633,4.23
17,Andrew,Male,61,33817,4.71
17,Andrew,Male,61,124680,4.93
17,Andrew,Male,61,42510,2.11
17,Andrew,Male,61,202244,1.08
17,Andrew,Male,61,1966,1.03
17,Andrew,Male,61,52470,4.66
18,Joshua,Male,54,10015,4.53
18,Joshua,Male,54,28597,1.49
18,Joshua,Male,54,8421,4.96
18,Joshua,Male,54,373977,1.14
18,Joshua,Male,54,46998,1.35
18,Joshua,Male,54,81225,2.96
18,Joshua,Male,54,10413,3.69
18,Joshua,Male,54,154972,2.83
18,Joshua,Male,54,59297,2.52
19,Kenneth,Male,36,10222,2.8
19,Kenneth,Male,36,8840,1.16
19,Kenneth,Male,36,15935,4.89
19,Kenneth,Male,36,63831,1.62
19,Kenneth,Male,36,30140,3.39
19,Kenneth,Male,36,128395,3.89
19,Kenneth,Male,36,27274,4.57
19,Kenneth,Male,36,172475,2.71
19,Kenneth,Male,36,10739,2.57
20,Kevin,Male,34,29778,3.25
20,Kevin,Male,34,49007,1.92
20,Kevin,Male,34,76043,4.05
20,Kevin,Male,34,369594,2.73
20,Kevin,Male,34,21336,4.85
20,Kevin,Male,34,13930,4.97
20,Kevin,Male,34,24480,2.04
20,Kevin,Male,34,14415,2.05
20,Kevin,Male,34,182756,2.94
20,Kevin,Male,34,294562,1.52
20,Kevin,Male,34,84056,1.89
21,Brian,Male,46,193704,4.9
21,Brian,Male,46,135545,4.94
21,Brian,Male,46,449503,4.4
22,George,Male,58,111344,2.7
22,George,Male,58,20502,3.35
23,Edward,Male,55,234862,1.63
23,Edward,Male,55,28994,2.4
23,Edward,Male,55,62039,4.97
23,Edward,Male,55,76636,1.34
23,Edward,Male,55,92371,2.69
23,Edward,Male,55,286709,3.93
23,Edward,Male,55,228606,4.34
23,Edward,Male,55,65642,3.26
23,Edward,Male,55,254719,2.04
23,Edward,Male,55,38987,2.14
23,Edward,Male,55,221144,4.07
23,Edward,Male,55,80918,1.65
23,Edward,Male,55,40932,4.51
23,Edward,Male,55,16997,4.09
23,Edward,Male,55,333091,2.44
24,Ronald,Male,62,61370,4.13
24,Ronald,Male,62,29355,3.88
24,Ronald,Male,62,142208,2.01
24,Ronald,Male,62,48935,2.99
24,Ronald,Male,62,32635,2.37
24,Ronald,Male,62,129579,3.33
24,Ronald,Male,62,95536,1.41
24,Ronald,Male,62,10686,2.67
24,Ronald,Male,62,26367,2.78
24,Ronald,Male,62,363807,2.99
24,Ronald,Male,62,20688,2.66
24,Ronald,Male,62,120143,2.37
24,Ronald,Male,62,47065,2.88
25,Timothy,Male,30,48136,3.75
25,Timothy,Male,30,177699,1.53
25,Timothy,Male,30,360029,4.01
25,Timothy,Male,30,27651,2.72
25,Timothy,Male,30,59853,2.87
25,Timothy,Male,30,4507,1.51
25,Timothy,Male,30,256347,4.76
25,Timothy,Male,30,11824,1.92
25,Timothy,Male,30,324194,3.11
25,Timothy,Male,30,43705,1.51
25,Timothy,Male,30,22073,2.92
25,Timothy,Male,30,101362,4.98
25,Timothy,Male,30,80601,1.39
25,Timothy,Male,30,295508,1.74
25,Timothy,Male,30,8991,3.31
25,Timothy,Male,30,23312,1.23
25,Timothy,Male,30,101297,1.64
25,Timothy,Male,30,4031,1.97
25,Timothy,Male,30,28794,4.61
25,Timothy,Male,30,336884,4.1
25,Timothy,Male,30,379500,4.01
25,Timothy,Male,30,82819,1.1
25,Timothy,Male,30,150938,3.72
25,Timothy,Male,30,245175,4.52
25,Timothy,Male,30,199336,3.34
25,Timothy,Male,30,178314,1.51
25,Timothy,Male,30,131887,4.17
25,Timothy,Male,30,45554,1.93
25,Timothy,Male,30,37202,1.57
25,Timothy,Male,30,277686,3.33
25,Timothy,Male,30,39108,1.27
25,Timothy,Male,30,95548,3.96
25,Timothy,Male,30,64524,2.69
25,Timothy,Male,30,75301,3.38
25,Timothy,Male,30,104250,3.22
25,Timothy,Male,30,36669,1.35
25,Timothy,Male,30,382591,1.29
25,Timothy,Male,30,378240,4.68
25,Timothy,Male,30,205463,1.2
25,Timothy,Male,30,38414,1.74
25,Timothy,Male,30,232610,3.39
25,Timothy,Male,30,70443,2.45
26,Jason,Male,48,52362,1.74
26,Jason,Male,48,381045,2.37
26,Jason,Male,48,69990,3.72
26,Jason,Male,48,77593,1.14
26,Jason,Male,48,146893,1.33
26,Jason,Male,48,35221,2.1
26,Jason,Male,48,10760,4.32
26,Jason,Male,48,9010,4.39
26,Jason,Male,48,15323,4.17
26,Jason,Male,48,78383,4.71
27,Jeffrey,Male,39,268272,2.12
27,Jeffrey,Male,39,199591,4.59
27,Jeffrey,Male,39,239571,3.66
27,Jeffrey,Male,39,10889,3.39
27,Jeffrey,Male,39,7092,1.91
27,Jeffrey,Male,39,248212,3.14
27,Jeffrey,Male,39,247780,1.89
27,Jeffrey,Male,39,14931,1.84
27,Jeffrey,Male,39,47325,1.07
27,Jeffrey,Male,39,267481,4.8
27,Jeffrey,Male,39,75641,3.61
27,Jeffrey,Male,39,155706,3.87
27,Jeffrey,Male,39,265432,4.41
27,Jeffrey,Male,39,26762,4.57
27,Jeffrey,Male,39,57277,3.41
27,Jeffrey,Male,39,48496,3.0
27,Jeffrey,Male,39,184681,2.9
27,Jeffrey,Male,39,48492,2.13
27,Jeffrey,Male,39,91,1.92
27,Jeffrey,Male,39,22114,1.54
27,Jeffrey,Male,39,94811,2.71
27,Jeffrey,Male,39,20975,4.97
27,Jeffrey,Male,39,268105,2.8
27,Jeffrey,Male,39,18937,1.47
27,Jeffrey,Male,39,345906,3.77
27,Jeffrey,Male,39,75562,4.49
27,Jeffrey,Male,39,125498,1.92
27,Jeffrey,Male,39,30931,4.89
27,Jeffrey,Male,39,2007,4.32
27,Jeffrey,Male,39,89199,2.22
27,Jeffrey,Male,39,11226,3.26
27,Jeffrey,Male,39,255491,4.32
28,Ryan,Male,30,86732,3.93
28,Ryan,Male,30,94790,2.44
28,Ryan,Male,30,6883,2.96
28,Ryan,Male,30,41423,4.1
28,Ryan,Male,30,11777,1.61
28,Ryan,Male,30,128111,1.4
28,Ryan,Male,30,42411,2.96
28,Ryan,Male,30,49131,1.99
28,Ryan,Male,30,45303,3.84
28,Ryan,Male,30,39108,4.79
28,Ryan,Male,30,60125,3.17
28,Ryan,Male,30,12646,3.13
28,Ryan,Male,30,5920,2.09
28,Ryan,Male,30,227998,3.98
28,Ryan,Male,30,68173,1.63
29,Jacob,Male,49,47808,3.72
29,Jacob,Male,49,38219,2.96
29,Jacob,Male,49,386830,3.78
29,Jacob,Male,49,280030,4.84
29,Jacob,Male,49,195752,2.13
29,Jacob,Male,49,21525,3.92
29,Jacob,Male,49,26971,1.25
29,Jacob,Male,49,18691,4.61
29,Jacob,Male,49,72715,2.83
29,Jacob,Male,49,10895,4.89
29,Jacob,Male,49,46570,1.75
29,Jacob,Male,49,266373,3.33
29,Jacob,Male,49,42355,2.6
29,Jacob,Male,49,189279,2.1
29,Jacob,Male,49,109695,2.39
29,Jacob,Male,49,25110,1.73
29,Jacob,Male,49,44087,3.91
29,Jacob,Male,49,14912,3.17
29,Jacob,Male,49,80178,2.13
29,Jacob,Male,49,39001,2.7
29,Jacob,Male,49,11823,1.73
29,Jacob,Male,49,27061,4.04
29,Jacob,Male,49,76122,2.94
29,Jacob,Male,49,21468,4.95
29,Jacob,Male,49,64404,1.31
29,Jacob,Male,49,12921,3.12
29,Jacob,Male,49,443053,3.23
29,Jacob,Male,49,10975,4.0
29,Jacob,Male,49,137409,1.02
29,Jacob,Male,49,10120,3.77
29,Jacob,Male,49,107667,3.36
29,Jacob,Male,49,60400,1.43
29,Jacob,Male,49,66966,3.23
29,Jacob,Male,49,31978,2.36
29,Jacob,Male,49,312827,4.56
30,Gary,Male,20,83052,2.74
30,Gary,Male,20,14620,4.4
30,Gary,Male,20,7344,1.94
30,Gary,Male,20,438634,4.27
30,Gary,Male,20,407448,3.6
30,Gary,Male,20,18051,4.87
30,Gary,Male,20,428863,1.5
30,Gary,Male,20,172457,3.85
30,Gary,Male,20,289191,1.14
30,Gary,Male,20,87022,4.85
30,Gary,Male,20,17443,4.51
30,Gary,Male,20,201,2.74
30,Gary,Male,20,44022,3.56
30,Gary,Male,20,121835,1.38
30,Gary,Male,20,47612,3.11
30,Gary,Male,20,39845,3.44
30,Gary,Male,20,29353,3.86
30,Gary,Male,20,125948,4.75
30,Gary,Male,20,9946,3.33
30,Gary,Male,20,192538,2.59
30,Gary,Male,20,32978,2.17
30,Gary,Male,20,426958,2.4
30,Gary,Male,20,238398,1.76
30,Gary,Male,20,10186,3.08
30,Gary,Male,20,360365,4.61
30,Gary,Male,20,23014,2.29
30,Gary,Male,20,139851,2.08
30,Gary,Male,20,58384,2.75
30,Gary,Male,20,158519,4.23
30,Gary,Male,20,323426,4.85
30,Gary,Male,20,67387,1.23
30,Gary,Male,20,57779,4.68
30,Gary,Male,20,42427,4.22
30,Gary,Male,20,79156,3.53
30,Gary,Male,20,307261,1.62
30,Gary,Male,20,324819,2.94
30,Gary,Male,20,145912,2.92
30,Gary,Male,20,2577,3.54
30,Gary,Male,20,121869,2.23
30,Gary,Male,20,85949,4.25
30,Gary,Male,20,83221,1.42
30,Gary,Male,20,43034,2.02
30,Gary,Male,20,273707,3.3
31,Nicholas,Male,43,68309,4.97
31,Nicholas,Male,43,260372,4.61
31,Nicholas,Male,43,49503,1.25
32,Eric,Male,36,294047,3.42
32,Eric,Male,36,249075,1.86
32,Eric,Male,36,14630,4.26
32,Eric,Male,36,105153,4.01
32,Eric,Male,36,20782,4.14
32,Eric,Male,36,19378,3.93
32,Eric,Male,36,41326,1.49
32,Eric,Male,36,43867,2.77
33,Jonathan,Male,42,60421,1.36
33,Jonathan,Male,42,51406,4.25
33,Jonathan,Male,42,43211,3.43
33,Jonathan,Male,42,155191,4.16
33,Jonathan,Male,42,57954,2.53
33,Jonathan,Male,42,69217,3.19
33,Jonathan,Male,42,310431,3.55
33,Jonathan,Male,42,50463,2.22
33,Jonathan,Male,42,27996,3.31
33,Jonathan,Male,42,60616,1.47
33,Jonathan,Male,42,280512,1.73
33,Jonathan,Male,42,44398,3.02
34,Stephen,Male,51,34327,2.27
34,Stephen,Male,51,28355,4.4
34,Stephen,Male,51,293603,1.26
34,Stephen,Male,51,78571,3.55
34,Stephen,Male,51,25548,4.77
34,Stephen,Male,51,52280,3.57
34,Stephen,Male,51,67313,3.94
34,Stephen,Male,51,65874,3.63
34,Stephen,Male,51,15651,1.28
34,Stephen,Male,51,1585,2.55
34,Stephen,Male,51,291122,3.3
34,Stephen,Male,51,10394,4.06
34,Stephen,Male,51,90509,1.64
34,Stephen,Male,51,204802,2.95
34,Stephen,Male,51,401861,2.93
34,Stephen,Male,51,39225,2.65
34,Stephen,Male,51,315196,2.03
34,Stephen,Male,51,47518,2.2
34,Stephen,Male,51,261825,2.77
34,Stephen,Male,51,288201,3.79
34,Stephen,Male,51,27698,3.51
34,Stephen,Male,51,85050,2.69
34,Stephen,Male,51,99189,2.52
34,Stephen,Male,51,340402,4.39
34,Stephen,Male,51,27873,2.07
34,Stephen,Male,51,57351,3.3
34,Stephen,Male,51,65759,4.28
34,Stephen,Male,51,80264,4.11
34,Stephen,Male,51,38500,2.48
34,Stephen,Male,51,259460,1.66
34,Stephen,Male,51,462108,2.12
34,Stephen,Male,51,72903,2.74
34,Stephen,Male,51,268105,1.85
34,Stephen,Male,51,56764,4.6
34,Stephen,Male,51,48397,4.7
34,Stephen,Male,51,73642,2.48
34,Stephen,Male,51,3865,1.05
34,Stephen,Male,51,125749,1.37
34,Stephen,Male,51,6933,4.65
34,Stephen,Male,51,84176,1.91
34,Stephen,Male,51,267955,4.87
34,Stephen,Male,51,86772,1.33
35,Larry,Male,22,31051,2.85
35,Larry,Male,22,9807,3.29
35,Larry,Male,22,13099,1.77
36,Justin,Male,28,136850,1.43
36,Justin,Male,28,13167,3.17
36,Justin,Male,28,10133,2.54
36,Justin,Male,28,369057,4.94
36,Justin,Male,28,99377,1.3
36,Justin,Male,28,17285,3.38
36,Justin,Male,28,320853,1.21
36,Justin,Male,28,39544,2.61
36,Justin,Male,28,211065,2.62
36,Justin,Male,28,175027,1.79
36,Justin,Male,28,72841,1.14
36,Justin,Male,28,17903,4.78
36,Justin,Male,28,124613,2.36
36,Justin,Male,28,300686,1.04
36,Justin,Male,28,32726,2.17
36,Justin,Male,28,29140,3.1
36,Justin,Male,28,35849,4.45
36,Justin,Male,28,11823,3.02
36,Justin,Male,28,39213,1.34
36,Justin,Male,28,223346,1.73
36,Justin,Male,28,50620,3.19
36,Justin,Male,28,40127,4.22
36,Justin,Male,28,75193,2.39
36,Justin,Male,28,48645,3.17
36,Justin,Male,28,375355,3.5
36,Justin,Male,28,50489,4.8
36,Justin,Male,28,15105,1.12
36,Justin,Male,28,35935,2.77
36,Justin,Male,28,88271,4.13
36,Justin,Male,28,184522,3.92
36,Justin,Male,28,41115,1.69
36,Justin,Male,28,53196,2.93
36,Justin,Male,28,144580,1.38
36,Justin,Male,28,315620,1.17
36,Justin,Male,28,202456,1.63
36,Justin,Male,28,62999,2.61
36,Justin,Male,28,22264,2.33
36,Justin,Male,28,15716,3.73
36,Justin,Male,28,140456,3.37
36,Justin,Male,28,200574,4.63
36,Justin,Male,28,18966,1.29
36,Justin,Male,28,124475,1.36
36,Justin,Male,28,10014,1.78
36,Justin,Male,28,52406,2.09
36,Justin,Male,28,5618,4.23
36,Justin,Male,28,379500,2.7
36,Justin,Male,28,40470,2.99
36,Justin,Male,28,10592,3.38
36,Justin,Male,28,10160,1.99
37,Scott,Male,34,329024,3.37
37,Scott,Male,34,364051,3.02
37,Scott,Male,34,39824,2.08
37,Scott,Male,34,242631,2.9
37,Scott,Male,34,359305,3.16
37,Scott,Male,34,8128,2.99
37,Scott,Male,34,9849,1.35
38,Brandon,Male,51,79054,4.84
38,Brandon,Male,51,342927,2.55
38,Brandon,Male,51,55047,4.28
38,Brandon,Male,51,49152,1.11
38,Brandon,Male,51,61485,1.72
38,Brandon,Male,51,49803,3.34
38,Brandon,Male,51,128795,2.3
38,Brandon,Male,51,52058,4.33
38,Brandon,Male,51,244063,2.87
38,Brandon,Male,51,31775,1.66
38,Brandon,Male,51,24487,3.99
38,Brandon,Male,51,27263,1.03
38,Brandon,Male,51,52629,2.79
38,Brandon,Male,51,3010,1.8
38,Brandon,Male,51,54838,4.14
38,Brandon,Male,51,221981,2.47
38,Brandon,Male,51,390059,2.83
38,Brandon,Male,51,376290,2.95
38,Brandon,Male,51,188222,2.36
38,Brandon,Male,51,155208,2.14
39,Benjamin,Male,19,109431,3.53
39,Benjamin,Male,19,294538,4.86
39,Benjamin,Male,19,43441,2.76
39,Benjamin,Male,19,31355,1.07
39,Benjamin,Male,19,331501,2.9
39,Benjamin,Male,19,177622,2.83
39,Benjamin,Male,19,38765,1.29
39,Benjamin,Male,19,7091,5.0
39,Benjamin,Male,19,36253,4.95
39,Benjamin,Male,19,158800,2.5
39,Benjamin,Male,19,6723,2.19
39,Benjamin,Male,19,79860,2.56
39,Benjamin,Male,19,54971,1.29
39,Benjamin,Male,19,47699,1.62
39,Benjamin,Male,19,168408,1.43
39,Benjamin,Male,19,320420,1.34
39,Benjamin,Male,19,75450,1.9
39,Benjamin,Male,19,401294,3.4
39,Benjamin,Male,19,16085,4.59
39,Benjamin,Male,19,254023,1.26
39,Benjamin,Male,19,25088,3.91
39,Benjamin,Male,19,3065,4.9
39,Benjamin,Male,19,53622,1.99
39,Benjamin,Male,19,208756,4.68
39,Benjamin,Male,19,77642,2.8
39,Benjamin,Male,19,62652,1.79
39,Benjamin,Male,19,141262,1.39
39,Benjamin,Male,19,57210,4.72
39,Benjamin,Male,19,8069,2.33
39,Benjamin,Male,19,15045,1.01
39,Benjamin,Male,19,385305,2.31
39,Benjamin,Male,19,5259,3.87
39,Benjamin,Male,19,43101,3.25
39,Benjamin,Male,19,49914,2.92
39,Benjamin,Male,19,55720,2.17
39,Benjamin,Male,19,249724,3.92
39,Benjamin,Male,19,43045,1.2
39,Benjamin,Male,19,14091,2.71
39,Benjamin,Male,19,86647,1.92
39,Benjamin,Male,19,13446,3.34
39,Benjamin,Male,19,158483,2.75
40,Samuel,Male,24,35148,2.62
40,Samuel,Male,24,109,2.88
40,Samuel,Male,24,273279,2.05
40,Samuel,Male,24,81440,2.18
40,Samuel,Male,24,22130,4.34
40,Samuel,Male,24,242454,4.64
40,Samuel,Male,24,89651,2.25
41,Gregory,Male,31,144454,1.83
41,Gregory,Male,31,53657,3.79
41,Gregory,Male,31,187017,2.87
41,Gregory,Male,31,157862,3.46
41,Gregory,Male,31,86457,1.62
41,Gregory,Male,31,10015,3.5
41,Gregory,Male,31,302818,1.26
41,Gregory,Male,31,160008,1.02
41,Gregory,Male,31,67276,4.09
41,Gregory,Male,31,328901,1.4
41,Gregory,Male,31,362343,2.99
41,Gregory,Male,31,74681,3.39
41,Gregory,Male,31,53459,4.62
41,Gregory,Male,31,67687,4.4
41,Gregory,Male,31,284514,1.7
41,Gregory,Male,31,38448,4.58
41,Gregory,Male,31,124026,1.47
41,Gregory,Male,31,40850,4.73
41,Gregory,Male,31,17350,3.66
41,Gregory,Male,31,216859,1.66
41,Gregory,Male,31,22259,3.22
41,Gregory,Male,31,68745,2.43
41,Gregory,Male,31,199056,4.4
41,Gregory,Male,31,124501,2.12
41,Gregory,Male,31,21348,1.5
41,Gregory,Male,31,9571,1.5
41,Gregory,Male,31,775,3.58
41,Gregory,Male,31,17538,2.03
41,Gregory,Male,31,46978,4.34
41,Gregory,Male,31,25774,4.32
41,Gregory,Male,31,347666,2.99
41,Gregory,Male,31,333346,2.39
41,Gregory,Male,31,124527,1.47
41,Gregory,Male,31,69471,1.39
41,Gregory,Male,31,198277,3.58
41,Gregory,Male,31,30252,2.03
41,Gregory,Male,31,15390,2.98
41,Gregory,Male,31,21074,4.79
41,Gregory,Male,31,8198,1.61
41,Gregory,Male,31,63310,3.45
41,Gregory,Male,31,38757,2.28
41,Gregory,Male,31,39308,3.51
41,Gregory,Male,31,49511,2.46
41,Gregory,Male,31,104043,4.96
42,Frank,Male,62,288186,2.07
42,Frank,Male,62,11135,4.55
42,Frank,Male,62,2135,2.36
42,Frank,Male,62,381069,2.74
42,Frank,Male,62,19140,2.07
42,Frank,Male,62,313,4.44
42,Frank,Male,62,40655,2.7
42,Frank,Male,62,17734,3.38
42,Frank,Male,62,63297,4.79
42,Frank,Male,62,54970,4.78
42,Frank,Male,62,20679,2.25
42,Frank,Male,62,143431,4.93
42,Frank,Male,62,23544,2.33
42,Frank,Male,62,227266,2.29
42,Frank,Male,62,401461,4.2
42,Frank,Male,62,29048,2.99
42,Frank,Male,62,145147,4.1
42,Frank,Male,62,47854,1.04
42,Frank,Male,62,195276,1.95
42,Frank,Male,62,78353,1.15
42,Frank,Male,62,336775,3.98
42,Frank,Male,62,59807,1.38
42,Frank,Male,62,65967,1.91
42,Frank,Male,62,82066,3.57
42,Frank,Male,62,447091,1.24
42,Frank,Male,62,14016,1.61
42,Frank,Male,62,29114,1.33
42,Frank,Male,62,129139,2.63
42,Frank,Male,62,337758,3.74
42,Frank,Male,62,151923,4.96
42,Frank,Male,62,46068,4.68
42,Frank,Male,62,56702,4.2
42,Frank,Male,62,118760,3.55
42,Frank,Male,62,100568,3.72
42,Frank,Male,62,250572,3.22
42,Frank,Male,62,109028,2.81
42,Frank,Male,62,383526,4.27
42,Frank,Male,62,76424,1.09
42,Frank,Male,62,21836,1.98
42,Frank,Male,62,68078,3.84
42,Frank,Male,62,29882,1.32
42,Frank,Male,62,59017,1.86
42,Frank,Male,62,103203,3.9
42,Frank,Male,62,100794,2.47
42,Frank,Male,62,72240,3.0
42,Frank,Male,62,374416,2.0
42,Frank,Male,62,87093,4.81
42,Frank,Male,62,131172,4.61
42,Frank,Male,62,128857,3.7
42,Frank,Male,62,107811,2.86
43,Alexander,Male,45,64983,2.78
43,Alexander,Male,45,11955,4.42
43,Alexander,Male,45,39428,4.19
43,Alexander,Male,45,15276,3.28
43,Alexander,Male,45,161529,2.67
43,Alexander,Male,45,124227,4.81
43,Alexander,Male,45,2291,1.97
43,Alexander,Male,45,29457,4.29
43,Alexander,Male,45,13062,2.39
43,Alexander,Male,45,54318,2.62
43,Alexander,Male,45,4174,4.48
43,Alexander,Male,45,25272,2.71
43,Alexander,Male,45,177950,3.94
43,Alexander,Male,45,266639,1.62
43,Alexander,Male,45,26680,3.25
43,Alexander,Male,45,134411,1.09
43,Alexander,Male,45,106344,3.14
43,Alexander,Male,45,134215,3.16
43,Alexander,Male,45,23148,1.88
43,Alexander,Male,45,100898,3.3
43,Alexander,Male,45,14016,1.61
43,Alexander,Male,45,139826,1.55
43,Alexander,Male,45,18944,4.14
43,Alexander,Male,45,18596,4.22
43,Alexander,Male,45,49964,3.91
43,Alexander,Male,45,169068,1.22
43,Alexander,Male,45,77461,1.5
43,Alexander,Male,45,10837,1.68
43,Alexander,Male,45,36108,3.65
43,Alexander,Male,45,25723,1.35
43,Alexander,Male,45,73682,3.28
43,Alexander,Male,45,77986,2.02
43,Alexander,Male,45,73652,3.48
43,Alexander,Male,45,374452,4.81
44,Raymond,Male,23,172542,1.99
44,Raymond,Male,23,415396,2.24
44,Raymond,Male,23,40082,1.98
44,Raymond,Male,23,24768,3.49
44,Raymond,Male,23,38313,4.21
44,Raymond,Male,23,95015,2.53
44,Raymond,Male,23,65210,3.81
44,Raymond,Male,23,8908,1.71
44,Raymond,Male,23,50158,2.34
44,Raymond,Male,23,260886,3.41
44,Raymond,Male,23,3515,3.58
44,Raymond,Male,23,19342,2.47
44,Raymond,Male,23,131334,4.47
44,Raymond,Male,23,50185,3.79
44,Raymond,Male,23,68029,2.87
44,Raymond,Male,23,58365,1.74
44,Raymond,Male,23,280477,1.03
44,Raymond,Male,23,34086,3.86
44,Raymond,Male,23,42731,1.4
44,Raymond,Male,23,89008,3.24
44,Raymond,Male,23,530,4.18
44,Raymond,Male,23,18468,2.61
44,Raymond,Male,23,9794,2.63
44,Raymond,Male,23,410117,1.49
44,Raymond,Male,23,271724,1.11
44,Raymond,Male,23,9604,3.57
44,Raymond,Male,23,178146,4.84
44,Raymond,Male,23,6116,2.42
44,Raymond,Male,23,1848,3.69
44,Raymond,Male,23,38830,2.48
44,Raymond,Male,23,27768,4.08
44,Raymond,Male,23,143983,1.91
44,Raymond,Male,23,45136,4.48
44,Raymond,Male,23,64320,3.66
44,Raymond,Male,23,158011,2.9
45,Patrick,Male,20,64683,3.67
45,Patrick,Male,20,390293,2.9
45,Patrick,Male,20,116569,2.07
45,Patrick,Male,20,16562,2.02
46,Jack,Male,20,41366,1.97
46,Jack,Male,20,9907,3.89
46,Jack,Male,20,412103,3.33
46,Jack,Male,20,31414,4.13
46,Jack,Male,20,202570,1.54
46,Jack,Male,20,287594,2.08
46,Jack,Male,20,120212,1.46
46,Jack,Male,20,41461,1.61
46,Jack,Male,20,23535,1.45
46,Jack,Male,20,35233,2.78
46,Jack,Male,20,140208,3.43
46,Jack,Male,20,260584,4.48
46,Jack,Male,20,19728,1.98
46,Jack,Male,20,7514,2.31
46,Jack,Male,20,64441,4.97
46,Jack,Male,20,29586,4.86
46,Jack,Male,20,113594,3.89
46,Jack,Male,20,280422,1.11
46,Jack,Male,20,1914,2.81
46,Jack,Male,20,119552,4.04
46,Jack,Male,20,78547,4.4
46,Jack,Male,20,30970,1.14
46,Jack,Male,20,81765,1.94
46,Jack,Male,20,56764,1.92
46,Jack,Male,20,190913,4.45
46,Jack,Male,20,44245,4.31
46,Jack,Male,20,27010,1.52
46,Jack,Male,20,141613,2.78
46,Jack,Male,20,129609,2.21
46,Jack,Male,20,207937,2.86
46,Jack,Male,20,13056,4.27
46,Jack,Male,20,32688,1.21
46,Jack,Male,20,15677,4.81
46,Jack,Male,20,32634,3.61
46,Jack,Male,20,223816,1.33
46,Jack,Male,20,37128,1.34
46,Jack,Male,20,412120,3.23
46,Jack,Male,20,259550,2.83
46,Jack,Male,20,31701,1.22
46,Jack,Male,20,14207,2.09
46,Jack,Male,20,1908,4.07
46,Jack,Male,20,52805,4.79
46,Jack,Male,20,79550,2.57
46,Jack,Male,20,258805,2.67
46,Jack,Male,20,22874,1.42
46,Jack,Male,20,36266,3.08
46,Jack,Male,20,48580,3.08
47,Dennis,Male,22,94468,1.3
47,Dennis,Male,22,70635,3.31
47,Dennis,Male,22,79698,2.63
47,Dennis,Male,22,26267,1.87
47,Dennis,Male,22,42430,2.05
47,Dennis,Male,22,105866,1.76
47,Dennis,Male,22,49954,4.22
47,Dennis,Male,22,629,4.57
47,Dennis,Male,22,28249,3.59
47,Dennis,Male,22,71805,2.83
47,Dennis,Male,22,76764,3.85
47,Dennis,Male,22,11704,1.34
47,Dennis,Male,22,104108,1.1
47,Dennis,Male,22,320586,4.02
47,Dennis,Male,22,382212,2.9
47,Dennis,Male,22,54505,1.38
47,Dennis,Male,22,93114,4.19
47,Dennis,Male,22,5817,1.53
47,Dennis,Male,22,253239,1.26
47,Dennis,Male,22,49689,3.25
48,Jerry,Male,28,68629,2.12
48,Jerry,Male,28,32390,3.69
48,Jerry,Male,28,10377,4.99
48,Jerry,Male,28,22075,1.15
48,Jerry,Male,28,146599,4.81
49,Tyler,Male,51,2371,2.8
49,Tyler,Male,51,67669,4.2
49,Tyler,Male,51,7015,2.98
49,Tyler,Male,51,81312,2.47
49,Tyler,Male,51,64577,3.14
49,Tyler,Male,51,119616,3.46
49,Tyler,Male,51,18402,4.0
49,Tyler,Male,51,415766,3.63
49,Tyler,Male,51,14000,1.79
49,Tyler,Male,51,10229,2.91
49,Tyler,Male,51,14167,4.07
49,Tyler,Male,51,259611,3.98
49,Tyler,Male,51,49953,2.23
49,Tyler,Male,51,11228,1.35
49,Tyler,Male,51,53048,2.32
49,Tyler,Male,51,98203,4.5
49,Tyler,Male,51,110748,3.66
49,Tyler,Male,51,290825,1.59
49,Tyler,Male,51,133491,4.01
49,Tyler,Male,51,132232,4.36
49,Tyler,Male,51,50839,4.43
49,Tyler,Male,51,37168,1.48
49,Tyler,Male,51,10228,3.91
49,Tyler,Male,51,210250,2.42
49,Tyler,Male,51,77775,1.35
49,Tyler,Male,51,65642,2.84
49,Tyler,Male,51,33730,4.47
49,Tyler,Male,51,43388,2.44
49,Tyler,Male,51,322,1.5
49,Tyler,Male,51,146596,2.81
49,Tyler,Male,51,40916,3.83
49,Tyler,Male,51,326649,1.46
49,Tyler,Male,51,379019,3.86
49,Tyler,Male,51,15436,2.04
49,Tyler,Male,51,120972,3.27
49,Tyler,Male,51,31246,2.35
49,Tyler,Male,51,54507,2.01
50,Aaron,Male,42,292280,2.82
50,Aaron,Male,42,90374,3.51
50,Aaron,Male,42,10092,3.34
50,Aaron,Male,42,15638,3.48
50,Aaron,Male,42,88947,2.78
50,Aaron,Male,42,191595,4.49
50,Aaron,Male,42,33215,3.33
50,Aaron,Male,42,356864,2.27
50,Aaron,Male,42,109475,3.14
50,Aaron,Male,42,109048,4.89
50,Aaron,Male,42,90800,2.16
50,Aaron,Male,42,25195,1.87
50,Aaron,Male,42,47459,2.57
50,Aaron,Male,42,45827,2.94
50,Aaron,Male,42,261884,3.71
50,Aaron,Male,42,49273,2.85
50,Aaron,Male,42,21407,1.29
50,Aaron,Male,42,133463,3.65
50,Aaron,Male,42,85589,3.59
50,Aaron,Male,42,148511,1.15
50,Aaron,Male,42,410576,4.31
50,Aaron,Male,42,254166,4.51
50,Aaron,Male,42,56822,4.79
50,Aaron,Male,42,104185,2.37
50,Aaron,Male,42,306943,4.86
50,Aaron,Male,42,44303,1.86
50,Aaron,Male,42,26480,3.96
50,Aaron,Male,42,6007,4.59
50,Aaron,Male,42,151138,1.87
50,Aaron,Male,42,2900,2.05
50,Aaron,Male,42,11607,1.74
50,Aaron,Male,42,859,2.67
50,Aaron,Male,42,2923,1.96
50,Aaron,Male,42,335509,4.17
50,Aaron,Male,42,189696,1.35
51,Mary,Female,46,32087,3.55
51,Mary,Female,46,181083,2.81
51,Mary,Female,46,135200,3.31
51,Mary,Female,46,22954,4.8
51,Mary,Female,46,97020,2.89
51,Mary,Female,46,77586,2.53
51,Mary,Female,46,82650,3.97
51,Mary,Female,46,86284,3.25
51,Mary,Female,46,9277,1.37
51,Mary,Female,46,47075,1.04
51,Mary,Female,46,56379,3.85
51,Mary,Female,46,26180,3.32
51,Mary,Female,46,46681,1.63
51,Mary,Female,46,11688,2.68
52,Patricia,Female,34,286532,3.25
52,Patricia,Female,34,325205,1.95
52,Patricia,Female,34,71984,1.62
52,Patricia,Female,34,501,4.83
52,Patricia,Female,34,84323,2.57
52,Patricia,Female,34,103934,2.0
52,Patricia,Female,34,31935,3.57
52,Patricia,Female,34,61461,1.21
52,Patricia,Female,34,369202,4.24
52,Patricia,Female,34,254194,1.07
52,Patricia,Female,34,415255,4.98
52,Patricia,Female,34,61296,1.02
52,Patricia,Female,34,14429,1.65
52,Patricia,Female,34,206324,3.32
52,Patricia,Female,34,109379,4.3
52,Patricia,Female,34,39776,3.69
52,Patricia,Female,34,32276,1.66
52,Patricia,Female,34,352695,1.7
52,Patricia,Female,34,48612,4.46
52,Patricia,Female,34,56400,3.54
52,Patricia,Female,34,70955,2.68
52,Patricia,Female,34,113332,3.81
52,Patricia,Female,34,122843,3.62
52,Patricia,Female,34,92950,2.29
52,Patricia,Female,34,35057,4.36
52,Patricia,Female,34,183859,4.48
52,Patricia,Female,34,82525,4.24
52,Patricia,Female,34,60173,2.68
52,Patricia,Female,34,344560,2.43
52,Patricia,Female,34,78383,2.52
52,Patricia,Female,34,11951,3.12
52,Patricia,Female,34,12480,2.64
52,Patricia,Female,34,36540,4.06
52,Patricia,Female,34,18040,1.63
52,Patricia,Female,34,127471,1.89
52,Patricia,Female,34,394385,1.34
52,Patricia,Female,34,330430,1.91
52,Patricia,Female,34,80918,2.09
53,Jennifer,Female,52,393732,1.74
53,Jennifer,Female,52,30106,1.52
53,Jennifer,Female,52,56272,2.06
53,Jennifer,Female,52,91138,3.53
53,Jennifer,Female,52,39084,3.24
53,Jennifer,Female,52,38922,1.43
53,Jennifer,Female,52,236655,4.41
53,Jennifer,Female,52,50789,4.53
53,Jennifer,Female,52,453062,1.88
53,Jennifer,Female,52,15716,4.39
53,Jennifer,Female,52,8836,2.37
53,Jennifer,Female,52,109380,2.95
53,Jennifer,Female,52,207263,2.37
53,Jennifer,Female,52,334524,4.51
53,Jennifer,Female,52,326591,4.38
53,Jennifer,Female,52,379387,4.65
53,Jennifer,Female,52,171908,2.78
53,Jennifer,Female,52,218425,3.42
53,Jennifer,Female,52,241058,2.3
53,Jennifer,Female,52,94331,4.42
53,Jennifer,Female,52,37943,4.53
53,Jennifer,Female,52,40798,3.3
53,Jennifer,Female,52,42618,2.21
53,Jennifer,Female,52,11975,2.44
53,Jennifer,Female,52,52105,4.46
53,Jennifer,Female,52,21619,2.49
53,Jennifer,Female,52,178682,2.83
53,Jennifer,Female,52,83299,1.42
54,Linda,Female,28,9969,3.04
54,Linda,Female,28,157174,1.43
54,Linda,Female,28,149347,3.8
54,Linda,Female,28,65,3.37
54,Linda,Female,28,20352,3.0
54,Linda,Female,28,147722,2.27
54,Linda,Female,28,165404,2.28
54,Linda,Female,28,21927,4.18
54,Linda,Female,28,28912,4.73
54,Linda,Female,28,200823,1.36
54,Linda,Female,28,109408,2.24
54,Linda,Female,28,270469,3.94
54,Linda,Female,28,117751,3.24
54,Linda,Female,28,339339,1.63
54,Linda,Female,28,1114,3.74
54,Linda,Female,28,286402,4.89
54,Linda,Female,28,31023,4.64
54,Linda,Female,28,332665,3.37
54,Linda,Female,28,18596,1.99
55,Elizabeth,Female,58,47676,2.78
55,Elizabeth,Female,58,29871,1.78
55,Elizabeth,Female,58,262088,4.19
55,Elizabeth,Female,58,129139,3.67
55,Elizabeth,Female,58,136799,4.09
55,Elizabeth,Female,58,206480,1.15
55,Elizabeth,Female,58,190859,1.34
55,Elizabeth,Female,58,42501,3.61
55,Elizabeth,Female,58,178675,3.84
56,Barbara,Female,48,81895,4.17
56,Barbara,Female,48,43141,3.22
56,Barbara,Female,48,42242,4.58
56,Barbara,Female,48,68701,4.78
56,Barbara,Female,48,9490,3.27
56,Barbara,Female,48,257331,4.74
56,Barbara,Female,48,11596,3.17
56,Barbara,Female,48,57813,2.61
56,Barbara,Female,48,202973,2.35
56,Barbara,Female,48,18917,2.03
56,Barbara,Female,48,32708,1.78
56,Barbara,Female,48,18203,1.31
56,Barbara,Female,48,39915,4.36
56,Barbara,Female,48,179966,3.87
56,Barbara,Female,48,14258,4.49
56,Barbara,Female,48,23996,3.59
56,Barbara,Female,48,51649,1.99
56,Barbara,Female,48,71714,3.58
56,Barbara,Female,48,17172,4.32
56,Barbara,Female,48,245597,2.72
56,Barbara,Female,48,10560,3.89
56,Barbara,Female,48,289097,1.24
56,Barbara,Female,48,35292,1.2
57,Susan,Female,62,83481,2.89
57,Susan,Female,62,249882,1.25
57,Susan,Female,62,29437,2.94
57,Susan,Female,62,53456,4.8
57,Susan,Female,62,159154,2.93
57,Susan,Female,62,312791,1.37
57,Susan,Female,62,35861,4.6
57,Susan,Female,62,168643,1.9
57,Susan,Female,62,48395,1.73
57,Susan,Female,62,117023,4.73
57,Susan,Female,62,128270,2.44
57,Susan,Female,62,119593,1.93
57,Susan,Female,62,36679,1.72
57,Susan,Female,62,123787,4.2
57,Susan,Female,62,93840,2.02
57,Susan,Female,62,26225,3.32
57,Susan,Female,62,137776,2.2
57,Susan,Female,62,1677,4.66
57,Susan,Female,62,347666,1.68
57,Susan,Female,62,11613,2.23
57,Susan,Female,62,409160,1.42
57,Susan,Female,62,410212,2.46
57,Susan,Female,62,72611,2.12
57,Susan,Female,62,8487,1.43
57,Susan,Female,62,29611,1.99
57,Susan,Female,62,211928,1.59
57,Susan,Female,62,57106,4.63
57,Susan,Female,62,80122,1.38
57,Susan,Female,62,115124,2.94
57,Susan,Female,62,89453,1.16
57,Susan,Female,62,256102,1.68
57,Susan,Female,62,3635,4.42
57,Susan,Female,62,17899,2.27
57,Susan,Female,62,145899,2.97
57,Susan,Female,62,19905,4.3
57,Susan,Female,62,237811,1.89
57,Susan,Female,62,60002,3.04
57,Susan,Female,62,213648,4.79
57,Susan,Female,62,324277,3.76
57,Susan,Female,62,1496,4.22
57,Susan,Female,62,73984,2.68
57,Susan,Female,62,78402,4.48
57,Susan,Female,62,45840,1.35
57,Susan,Female,62,10910,3.41
57,Susan,Female,62,81435,3.36
57,Susan,Female,62,330947,3.01
57,Susan,Female,62,106194,4.37
57,Susan,Female,62,17894,3.67
57,Susan,Female,62,50340,2.48
58,Jessica,Female,30,39283,3.21
58,Jessica,Female,30,25441,1.16
58,Jessica,Female,30,99642,1.41
58,Jessica,Female,30,203739,2.78
58,Jessica,Female,30,125021,1.98
58,Jessica,Female,30,31432,3.78
59,Sarah,Female,64,40059,1.49
59,Sarah,Female,64,70027,3.34
59,Sarah,Female,64,339161,2.77
59,Sarah,Female,64,4148,4.08
59,Sarah,Female,64,383785,1.08
59,Sarah,Female,64,84540,2.22
59,Sarah,Female,64,71940,4.84
59,Sarah,Female,64,337412,1.0
59,Sarah,Female,64,42034,3.63
59,Sarah,Female,64,185354,1.14
59,Sarah,Female,64,62981,4.03
59,Sarah,Female,64,984,1.51
59,Sarah,Female,64,2302,1.57
59,Sarah,Female,64,28068,2.83
59,Sarah,Female,64,251232,3.09
59,Sarah,Female,64,12627,2.1
59,Sarah,Female,64,267188,4.31
59,Sarah,Female,64,77165,2.84
59,Sarah,Female,64,26133,4.5
59,Sarah,Female,64,238749,2.61
59,Sarah,Female,64,22901,2.12
59,Sarah,Female,64,34581,2.08
59,Sarah,Female,64,63717,2.49
59,Sarah,Female,64,58431,4.14
59,Sarah,Female,64,43912,2.1
59,Sarah,Female,64,140149,3.11
59,Sarah,Female,64,23014,3.76
59,Sarah,Female,64,208517,1.16
59,Sarah,Female,64,376047,3.3
59,Sarah,Female,64,185273,2.67
59,Sarah,Female,64,87541,4.08
59,Sarah,Female,64,127,1.32
59,Sarah,Female,64,351065,1.14
59,Sarah,Female,64,79016,3.97
59,Sarah,Female,64,168478,3.53
59,Sarah,Female,64,104449,1.64
59,Sarah,Female,64,58518,3.88
59,Sarah,Female,64,221791,2.8
59,Sarah,Female,64,17132,3.58
59,Sarah,Female,64,20497,4.05
59,Sarah,Female,64,16395,1.54
59,Sarah,Female,64,80437,2.01
59,Sarah,Female,64,24566,2.08
59,Sarah,Female,64,43646,4.32
60,Karen,Female,64,168027,3.29
60,Karen,Female,64,168607,1.48
60,Karen,Female,64,259910,1.51
60,Karen,Female,64,77084,2.91
60,Karen,Female,64,54391,3.18
60,Karen,Female,64,54880,3.11
60,Karen,Female,64,74657,2.62
60,Karen,Female,64,11451,1.01
60,Karen,Female,64,50348,2.51
60,Karen,Female,64,431567,1.13
60,Karen,Female,64,50117,2.34
60,Karen,Female,64,167966,1.17
60,Karen,Female,64,11519,4.63
60,Karen,Female,64,317213,2.89
60,Karen,Female,64,80918,1.69
60,Karen,Female,64,114838,1.04
60,Karen,Female,64,15674,2.23
60,Karen,Female,64,390883,3.33
60,Karen,Female,64,85328,2.59
60,Karen,Female,64,139725,3.1
60,Karen,Female,64,47444,3.61
60,Karen,Female,64,125233,3.51
60,Karen,Female,64,8592,3.48
61,Nancy,Female,31,10425,1.3
61,Nancy,Female,31,11980,4.34
61,Nancy,Female,31,2009,3.15
61,Nancy,Female,31,65120,4.84
61,Nancy,Female,31,35237,2.41
61,Nancy,Female,31,140846,1.28
61,Nancy,Female,31,83980,4.04
61,Nancy,Female,31,31443,2.76
61,Nancy,Female,31,117904,2.94
61,Nancy,Female,31,33135,2.11
61,Nancy,Female,31,52047,3.45
61,Nancy,Female,31,137474,4.91
61,Nancy,Female,31,23239,1.72
61,Nancy,Female,31,11702,2.56
61,Nancy,Female,31,42090,4.9
61,Nancy,Female,31,23981,2.92
61,Nancy,Female,31,225577,2.49
61,Nancy,Female,31,42726,3.7
61,Nancy,Female,31,25706,1.32
61,Nancy,Female,31,35197,2.95
61,Nancy,Female,31,20994,4.7
61,Nancy,Female,31,146783,1.68
61,Nancy,Female,31,75888,1.8
61,Nancy,Female,31,299729,1.15
61,Nancy,Female,31,8144,4.18
61,Nancy,Female,31,68737,2.25
61,Nancy,Female,31,1880,1.59
61,Nancy,Female,31,433067,1.38
61,Nancy,Female,31,197752,4.26
61,Nancy,Female,31,17908,1.97
62,Margaret,Female,27,22538,2.65
62,Margaret,Female,27,65534,3.26
62,Margaret,Female,27,392891,2.56
62,Margaret,Female,27,51490,1.2
62,Margaret,Female,27,41298,1.62
62,Margaret,Female,27,39016,1.49
62,Margaret,Female,27,42552,2.11
62,Margaret,Female,27,10383,3.2
62,Margaret,Female,27,70804,1.39
62,Margaret,Female,27,78231,1.64
62,Margaret,Female,27,49693,1.14
62,Margaret,Female,27,99567,2.92
62,Margaret,Female,27,182560,4.72
62,Margaret,Female,27,25921,1.81
63,Lisa,Female,31,49574,4.19
63,Lisa,Female,31,36246,3.9
63,Lisa,Female,31,66540,2.57
63,Lisa,Female,31,425488,4.08
63,Lisa,Female,31,13777,1.73
63,Lisa,Female,31,45840,3.74
63,Lisa,Female,31,138222,2.67
63,Lisa,Female,31,103162,4.03
63,Lisa,Female,31,29117,3.03
63,Lisa,Female,31,413834,1.63
63,Lisa,Female,31,35075,2.15
63,Lisa,Female,31,15171,3.34
63,Lisa,Female,31,57124,3.01
63,Lisa,Female,31,153695,4.03
63,Lisa,Female,31,25720,2.42
63,Lisa,Female,31,414642,1.07
64,Betty,Female,23,35663,1.99
64,Betty,Female,23,52323,2.37
64,Betty,Female,23,10411,4.81
64,Betty,Female,23,72105,1.62
64,Betty,Female,23,16774,2.3
64,Betty,Female,23,87388,2.36
64,Betty,Female,23,41559,2.9
64,Betty,Female,23,25269,1.49
64,Betty,Female,23,9959,1.43
64,Betty,Female,23,40365,3.4
64,Betty,Female,23,11977,2.83
64,Betty,Female,23,35703,2.92
64,Betty,Female,23,45077,4.67
64,Betty,Female,23,13105,2.29
64,Betty,Female,23,111098,3.71
64,Betty,Female,23,311291,2.68
64,Betty,Female,23,38057,3.94
64,Betty,Female,23,62337,2.82
64,Betty,Female,23,59706,1.53
64,Betty,Female,23,53576,1.36
65,Dorothy,Female,24,366561,2.56
65,Dorothy,Female,24,28874,3.24
65,Dorothy,Female,24,319966,3.28
65,Dorothy,Female,24,292834,3.35
65,Dorothy,Female,24,2018,1.79
65,Dorothy,Female,24,11615,3.48
65,Dorothy,Female,24,8488,1.73
65,Dorothy,Female,24,25441,4.42
65,Dorothy,Female,24,115023,2.41
65,Dorothy,Female,24,310593,1.59
65,Dorothy,Female,24,7227,1.63
65,Dorothy,Female,24,23764,1.55
65,Dorothy,Female,24,231540,4.55
65,Dorothy,Female,24,61015,2.05
66,Sandra,Female,27,168051,3.16
66,Sandra,Female,27,147397,3.35
66,Sandra,Female,27,126555,1.8
66,Sandra,Female,27,461089,2.59
66,Sandra,Female,27,57978,4.59
66,Sandra,Female,27,61473,3.19
66,Sandra,Female,27,32130,1.12
66,Sandra,Female,27,287493,2.83
66,Sandra,Female,27,63963,3.07
67,Ashley,Female,28,444623,3.43
67,Ashley,Female,28,23637,2.06
67,Ashley,Female,28,159121,3.31
67,Ashley,Female,28,64442,1.84
67,Ashley,Female,28,39242,2.35
67,Ashley,Female,28,316269,4.79
67,Ashley,Female,28,49712,4.44
67,Ashley,Female,28,62897,1.79
67,Ashley,Female,28,55253,1.89
67,Ashley,Female,28,364540,2.54
67,Ashley,Female,28,1613,3.14
67,Ashley,Female,28,95536,4.97
67,Ashley,Female,28,209249,2.95
67,Ashley,Female,28,97361,3.5
67,Ashley,Female,28,273084,1.78
67,Ashley,Female,28,316111,2.4
67,Ashley,Female,28,78096,1.93
67,Ashley,Female,28,9719,4.87
67,Ashley,Female,28,112293,2.22
67,Ashley,Female,28,21989,3.98
67,Ashley,Female,28,58074,2.26
67,Ashley,Female,28,194481,4.21
67,Ashley,Female,28,81871,4.59
67,Ashley,Female,28,50849,1.49
67,Ashley,Female,28,259912,4.72
67,Ashley,Female,28,69483,4.93
67,Ashley,Female,28,79593,1.26
67,Ashley,Female,28,2830,1.64
67,Ashley,Female,28,229594,2.76
68,Kimberly,Female,24,3480,2.04
68,Kimberly,Female,24,68309,3.28
68,Kimberly,Female,24,329805,3.74
68,Kimberly,Female,24,145925,4.83
68,Kimberly,Female,24,112119,2.36
68,Kimberly,Female,24,336655,1.14
68,Kimberly,Female,24,60293,1.8
68,Kimberly,Female,24,110148,3.24
68,Kimberly,Female,24,2086,1.43
68,Kimberly,Female,24,118134,1.88
68,Kimberly,Female,24,36006,3.24
68,Kimberly,Female,24,60363,2.07
68,Kimberly,Female,24,37975,2.07
68,Kimberly,Female,24,14848,1.52
68,Kimberly,Female,24,277098,4.78
68,Kimberly,Female,24,42571,4.7
68,Kimberly,Female,24,8860,4.67
68,Kimberly,Female,24,133764,1.48
68,Kimberly,Female,24,10922,4.17
68,Kimberly,Female,24,51486,1.9
68,Kimberly,Female,24,11937,2.7
68,Kimberly,Female,24,77250,4.78
68,Kimberly,Female,24,31026,4.06
68,Kimberly,Female,24,81296,1.89
68,Kimberly,Female,24,15014,4.6
68,Kimberly,Female,24,396987,2.06
68,Kimberly,Female,24,757,1.04
68,Kimberly,Female,24,16513,1.17
68,Kimberly,Female,24,373481,2.25
68,Kimberly,Female,24,268917,1.78
68,Kimberly,Female,24,54982,4.61
68,Kimberly,Female,24,32909,3.35
68,Kimberly,Female,24,288503,3.7
68,Kimberly,Female,24,370178,1.87
68,Kimberly,Female,24,54471,1.46
68,Kimberly,Female,24,273890,3.92
68,Kimberly,Female,24,43850,1.55
69,Emily,Female,23,15120,3.07
69,Emily,Female,23,331781,3.53
70,Donna,Female,53,45988,1.39
70,Donna,Female,53,39142,2.3
70,Donna,Female,53,2625,4.42
70,Donna,Female,53,15810,4.08
70,Donna,Female,53,23155,1.74
70,Donna,Female,53,160265,4.08
70,Donna,Female,53,39229,1.74
70,Donna,Female,53,98566,4.15
70,Donna,Female,53,36784,4.61
70,Donna,Female,53,257044,2.07
70,Donna,Female,53,271039,2.87
70,Donna,Female,53,109671,2.63
70,Donna,Female,53,138522,2.79
70,Donna,Female,53,211005,3.73
70,Donna,Female,53,344900,3.81
70,Donna,Female,53,413547,4.9
70,Donna,Female,53,42726,1.05
70,Donna,Female,53,375082,2.59
70,Donna,Female,53,92413,1.71
70,Donna,Female,53,16076,4.0
70,Donna,Female,53,3127,2.2
70,Donna,Female,53,26670,1.37
70,Donna,Female,53,154718,1.77
70,Donna,Female,53,268712,3.02
70,Donna,Female,53,118915,3.78
70,Donna,Female,53,114172,3.57
70,Donna,Female,53,56746,3.46
70,Donna,Female,53,295656,4.31
70,Donna,Female,53,98870,1.76
70,Donna,Female,53,215042,1.33
70,Donna,Female,53,204690,4.67
70,Donna,Female,53,224061,3.55
70,Donna,Female,53,72558,4.2
70,Donna,Female,53,345725,1.59
70,Donna,Female,53,16633,2.28
70,Donna,Female,53,30301,3.71
71,Michelle,Female,37,5157,1.33
71,Michelle,Female,37,594,3.06
71,Michelle,Female,37,29126,1.17
71,Michelle,Female,37,340611,4.64
71,Michelle,Female,37,52021,3.4
71,Michelle,Female,37,12395,3.0
71,Michelle,Female,37,31988,2.97
71,Michelle,Female,37,145197,3.7
71,Michelle,Female,37,2539,1.85
71,Michelle,Female,37,27331,4.47
71,Michelle,Female,37,2072,3.27
71,Michelle,Female,37,20859,4.0
71,Michelle,Female,37,383256,3.93
71,Michelle,Female,37,14983,3.3
71,Michelle,Female,37,338518,3.66
71,Michelle,Female,37,13979,1.83
71,Michelle,Female,37,21613,4.2
71,Michelle,Female,37,99909,1.7
71,Michelle,Female,37,31243,4.2
71,Michelle,Female,37,45000,2.08
71,Michelle,Female,37,204344,4.45
71,Michelle,Female,37,58028,2.14
71,Michelle,Female,37,12446,4.84
71,Michelle,Female,37,18428,2.99
71,Michelle,Female,37,365267,3.96
71,Michelle,Female,37,17365,4.69
71,Michelle,Female,37,210302,4.16
71,Michelle,Female,37,280640,1.04
71,Michelle,Female,37,66753,3.54
72,Carol,Female,43,25499,1.25
72,Carol,Female,43,346650,2.83
72,Carol,Female,43,61777,4.62
72,Carol,Female,43,185768,3.52
72,Carol,Female,43,320882,2.31
72,Carol,Female,43,113347,1.02
72,Carol,Female,43,129383,2.93
72,Carol,Female,43,57424,2.63
72,Carol,Female,43,104674,1.78
72,Carol,Female,43,100814,2.3
72,Carol,Female,43,108432,3.27
72,Carol,Female,43,11230,3.97
72,Carol,Female,43,287859,1.03
72,Carol,Female,43,25272,3.83
72,Carol,Female,43,11328,3.63
72,Carol,Female,43,58,4.39
72,Carol,Female,43,366692,3.72
72,Carol,Female,43,226458,3.66
72,Carol,Female,43,15736,4.48
72,Carol,Female,43,258630,4.19
72,Carol,Female,43,128414,1.57
72,Carol,Female,43,324786,1.6
72,Carol,Female,43,210126,2.57
72,Carol,Female,43,266882,4.46
72,Carol,Female,43,32070,2.4
72,Carol,Female,43,35464,2.39
72,Carol,Female,43,290751,2.17
72,Carol,Female,43,425134,4.06
72,Carol,Female,43,122083,3.77
72,Carol,Female,43,5742,1.16
72,Carol,Female,43,254904,3.88
73,Amanda,Female,49,388586,1.57
73,Amanda,Female,49,40217,2.28
73,Amanda,Female,49,132812,4.87
73,Amanda,Female,49,72841,1.82
73,Amanda,Female,49,12662,1.83
73,Amanda,Female,49,42770,4.86
73,Amanda,Female,49,169842,4.45
73,Amanda,Female,49,312452,3.27
73,Amanda,Female,49,118802,1.28
73,Amanda,Female,49,38983,2.87
73,Amanda,Female,49,220724,1.71
73,Amanda,Female,49,78364,1.66
73,Amanda,Female,49,166393,4.76
73,Amanda,Female,49,27036,1.98
73,Amanda,Female,49,298729,4.53
73,Amanda,Female,49,238442,3.43
73,Amanda,Female,49,157386,2.45
73,Amanda,Female,49,108,2.04
73,Amanda,Female,49,42087,3.1
73,Amanda,Female,49,53985,4.86
73,Amanda,Female,49,154575,3.39
73,Amanda,Female,49,458506,1.74
73,Amanda,Female,49,84233,4.84
73,Amanda,Female,49,46809,1.32
73,Amanda,Female,49,109099,4.28
73,Amanda,Female,49,138118,3.64
73,Amanda,Female,49,30245,1.97
73,Amanda,Female,49,228358,2.58
73,Amanda,Female,49,281979,4.69
73,Amanda,Female,49,21030,4.03
73,Amanda,Female,49,418688,4.92
73,Amanda,Female,49,19033,3.12
73,Amanda,Female,49,127380,3.04
73,Amanda,Female,49,42626,2.65
73,Amanda,Female,49,34421,1.47
73,Amanda,Female,49,88583,3.32
73,Amanda,Female,49,267336,2.6
74,Melissa,Female,20,36416,3.27
74,Melissa,Female,20,88302,2.84
74,Melissa,Female,20,9775,2.8
75,Deborah,Female,29,13042,4.06
75,Deborah,Female,29,60949,4.09
75,Deborah,Female,29,395560,2.4
75,Deborah,Female,29,47462,1.29
75,Deborah,Female,29,119430,2.47
75,Deborah,Female,29,335874,1.26
75,Deborah,Female,29,53418,3.09
75,Deborah,Female,29,167649,3.9
75,Deborah,Female,29,14928,2.04
75,Deborah,Female,29,171160,4.81
75,Deborah,Female,29,284117,2.08
75,Deborah,Female,29,356486,3.45
76,Stephanie,Female,28,49637,1.82
76,Stephanie,Female,28,8292,4.36
76,Stephanie,Female,28,284870,2.71
76,Stephanie,Female,28,136585,3.55
76,Stephanie,Female,28,89280,1.85
76,Stephanie,Female,28,58884,3.67
76,Stephanie,Female,28,7510,2.02
76,Stephanie,Female,28,53252,2.82
76,Stephanie,Female,28,13937,3.88
76,Stephanie,Female,28,84865,3.16
76,Stephanie,Female,28,18619,1.06
77,Rebecca,Female,50,203273,2.17
77,Rebecca,Female,50,13923,1.38
77,Rebecca,Female,50,359373,4.49
77,Rebecca,Female,50,174895,3.43
77,Rebecca,Female,50,70667,4.43
77,Rebecca,Female,50,96419,2.58
77,Rebecca,Female,50,169853,3.34
77,Rebecca,Female,50,9732,1.9
77,Rebecca,Female,50,63958,2.32
77,Rebecca,Female,50,85330,1.23
77,Rebecca,Female,50,4266,1.7
77,Rebecca,Female,50,122894,2.25
77,Rebecca,Female,50,137599,3.17
77,Rebecca,Female,50,440708,1.36
77,Rebecca,Female,50,303742,4.0
77,Rebecca,Female,50,242683,2.41
77,Rebecca,Female,50,85673,1.33
77,Rebecca,Female,50,228202,1.44
77,Rebecca,Female,50,20714,3.0
77,Rebecca,Female,50,107876,2.06
77,Rebecca,Female,50,40016,3.71
77,Rebecca,Female,50,57112,4.83
77,Rebecca,Female,50,8374,4.31
77,Rebecca,Female,50,407655,4.38
77,Rebecca,Female,50,382322,3.19
77,Rebecca,Female,50,30548,1.71
77,Rebecca,Female,50,362057,2.63
77,Rebecca,Female,50,42602,4.94
77,Rebecca,Female,50,27297,4.98
77,Rebecca,Female,50,81619,3.33
77,Rebecca,Female,50,33303,1.96
77,Rebecca,Female,50,24444,2.45
77,Rebecca,Female,50,4925,3.81
77,Rebecca,Female,50,29100,3.84
77,Rebecca,Female,50,1882,4.16
77,Rebecca,Female,50,277073,4.93
78,Sharon,Female,50,20521,3.84
78,Sharon,Female,50,92381,1.53
78,Sharon,Female,50,75981,3.5
78,Sharon,Female,50,127,3.05
78,Sharon,Female,50,57837,2.93
78,Sharon,Female,50,77233,3.24
78,Sharon,Female,50,86889,2.11
78,Sharon,Female,50,36443,3.69
78,Sharon,Female,50,75404,2.54
78,Sharon,Female,50,21791,2.22
78,Sharon,Female,50,261872,1.06
78,Sharon,Female,50,59143,3.18
78,Sharon,Female,50,47554,1.67
78,Sharon,Female,50,6636,1.68
78,Sharon,Female,50,8847,1.82
78,Sharon,Female,50,71395,1.18
78,Sharon,Female,50,258230,3.12
78,Sharon,Female,50,332502,3.39
78,Sharon,Female,50,151731,3.55
78,Sharon,Female,50,19215,4.02
79,Laura,Female,41,118984,3.22
79,Laura,Female,41,300803,1.8
79,Laura,Female,41,424,3.94
79,Laura,Female,41,58416,3.23
79,Laura,Female,41,81687,2.86
79,Laura,Female,41,146373,3.04
79,Laura,Female,41,113175,4.63
79,Laura,Female,41,13496,1.67
79,Laura,Female,41,9382,2.03
79,Laura,Female,41,18046,1.52
79,Laura,Female,41,44330,2.61
79,Laura,Female,41,72946,1.29
79,Laura,Female,41,423377,1.99
79,Laura,Female,41,413687,1.73
79,Laura,Female,41,169382,3.43
79,Laura,Female,41,25018,2.71
79,Laura,Female,41,316491,4.76
79,Laura,Female,41,181283,4.03
79,Laura,Female,41,285213,4.25
79,Laura,Female,41,29262,2.16
79,Laura,Female,41,101183,1.58
79,Laura,Female,41,34453,1.85
79,Laura,Female,41,393367,4.93
79,Laura,Female,41,36883,4.13
79,Laura,Female,41,2082,3.21
79,Laura,Female,41,35022,1.29
79,Laura,Female,41,13363,4.98
79,Laura,Female,41,242022,2.88
79,Laura,Female,41,4879,2.75
79,Laura,Female,41,270007,4.69
79,Laura,Female,41,15267,2.92
79,Laura,Female,41,41558,4.13
79,Laura,Female,41,331745,3.1
79,Laura,Female,41,167919,3.88
79,Laura,Female,41,365002,1.18
79,Laura,Female,41,8202,2.31
79,Laura,Female,41,54894,1.57
79,Laura,Female,41,77175,3.84
79,Laura,Female,41,183339,4.03
79,Laura,Female,41,425774,2.97
79,Laura,Female,41,77561,2.45
79,Laura,Female,41,44018,1.57
80,Cynthia,Female,19,173796,4.59
80,Cynthia,Female,19,77864,2.73
80,Cynthia,Female,19,51986,3.0
80,Cynthia,Female,19,9999,4.85
80,Cynthia,Female,19,27624,1.97
80,Cynthia,Female,19,49037,3.56
80,Cynthia,Female,19,401,4.01
80,Cynthia,Female,19,10856,3.69
80,Cynthia,Female,19,60540,4.67
80,Cynthia,Female,19,4171,2.18
80,Cynthia,Female,19,49040,4.03
80,Cynthia,Female,19,359549,2.16
80,Cynthia,Female,19,150161,4.29
80,Cynthia,Female,19,277686,4.99
80,Cynthia,Female,19,30126,2.82
80,Cynthia,Female,19,34803,2.86
80,Cynthia,Female,19,254323,2.93
80,Cynthia,Female,19,379779,4.49
80,Cynthia,Female,19,20689,3.95
80,Cynthia,Female,19,2348,1.97
80,Cynthia,Female,19,93562,2.1
80,Cynthia,Female,19,219335,4.72
80,Cynthia,Female,19,104285,2.97
80,Cynthia,Female,19,251516,1.02
80,Cynthia,Female,19,30566,1.61
80,Cynthia,Female,19,2665,1.04
80,Cynthia,Female,19,97790,3.56
80,Cynthia,Female,19,179235,1.59
80,Cynthia,Female,19,9685,1.78
80,Cynthia,Female,19,23200,1.26
80,Cynthia,Female,19,38717,2.58
80,Cynthia,Female,19,12229,4.68
80,Cynthia,Female,19,863,3.42
80,Cynthia,Female,19,145221,3.04
80,Cynthia,Female,19,24049,3.44
80,Cynthia,Female,19,60420,1.72
81,Kathleen,Female,64,61863,3.65
81,Kathleen,Female,64,44756,4.53
81,Kathleen,Female,64,55470,3.15
81,Kathleen,Female,64,82620,2.8
81,Kathleen,Female,64,336212,2.08
81,Kathleen,Female,64,69319,3.04
81,Kathleen,Female,64,208495,2.87
81,Kathleen,Female,64,27593,2.41
81,Kathleen,Female,64,197491,2.79
81,Kathleen,Female,64,393659,4.94
81,Kathleen,Female,64,10193,1.02
81,Kathleen,Female,64,315057,4.64
81,Kathleen,Female,64,161442,2.29
81,Kathleen,Female,64,24480,2.22
81,Kathleen,Female,64,53739,2.74
81,Kathleen,Female,64,263600,2.69
81,Kathleen,Female,64,14033,1.32
81,Kathleen,Female,64,64527,3.07
81,Kathleen,Female,64,244458,3.36
81,Kathleen,Female,64,55604,1.12
81,Kathleen,Female,64,263873,1.44
81,Kathleen,Female,64,353117,1.8
81,Kathleen,Female,64,254172,4.92
81,Kathleen,Female,64,41313,1.23
81,Kathleen,Female,64,198001,1.88
81,Kathleen,Female,64,31981,2.41
81,Kathleen,Female,64,319075,3.96
81,Kathleen,Female,64,238302,2.41
81,Kathleen,Female,64,11467,4.53
81,Kathleen,Female,64,33114,2.31
81,Kathleen,Female,64,26849,1.41
81,Kathleen,Female,64,165534,1.35
81,Kathleen,Female,64,138843,3.91
81,Kathleen,Female,64,53796,1.83
81,Kathleen,Female,64,15655,3.76
81,Kathleen,Female,64,32695,1.97
81,Kathleen,Female,64,27960,1.72
81,Kathleen,Female,64,290862,2.19
81,Kathleen,Female,64,68976,4.05
81,Kathleen,Female,64,57568,3.47
81,Kathleen,Female,64,94655,1.72
81,Kathleen,Female,64,220890,3.7
81,Kathleen,Female,64,226229,2.69
82,Amy,Female,33,136437,2.52
82,Amy,Female,33,71543,1.3
82,Amy,Female,33,34219,1.97
82,Amy,Female,33,38731,4.21
82,Amy,Female,33,31592,1.74
82,Amy,Female,33,63303,3.01
82,Amy,Female,33,250734,2.65
82,Amy,Female,33,460024,2.97
82,Amy,Female,33,44890,1.24
83,Shirley,Female,64,50253,1.6
83,Shirley,Female,64,36047,4.54
83,Shirley,Female,64,303636,4.92
83,Shirley,Female,64,40599,3.28
83,Shirley,Female,64,73067,4.46
83,Shirley,Female,64,293198,1.65
83,Shirley,Female,64,25445,1.52
83,Shirley,Female,64,55146,4.21
83,Shirley,Female,64,46963,1.89
83,Shirley,Female,64,790,1.88
83,Shirley,Female,64,412309,2.0
83,Shirley,Female,64,220724,3.8
83,Shirley,Female,64,1262,3.22
83,Shirley,Female,64,121828,2.33
83,Shirley,Female,64,48217,3.93
83,Shirley,Female,64,68309,1.84
83,Shirley,Female,64,56415,3.36
83,Shirley,Female,64,175,1.03
83,Shirley,Female,64,269100,4.25
83,Shirley,Female,64,63578,2.95
83,Shirley,Female,64,44281,3.76
83,Shirley,Female,64,46436,3.84
83,Shirley,Female,64,116306,2.27
83,Shirley,Female,64,38084,2.33
83,Shirley,Female,64,43984,2.12
83,Shirley,Female,64,37315,2.1
83,Shirley,Female,64,17640,1.66
83,Shirley,Female,64,253899,2.17
83,Shirley,Female,64,98851,4.9
83,Shirley,Female,64,101501,2.73
83,Shirley,Female,64,241928,3.91
83,Shirley,Female,64,46492,4.62
83,Shirley,Female,64,48138,1.98
83,Shirley,Female,64,38376,1.9
83,Shirley,Female,64,12561,3.17
83,Shirley,Female,64,1273,4.28
83,Shirley,Female,64,29380,3.98
83,Shirley,Female,64,338964,2.51
83,Shirley,Female,64,15260,4.16
83,Shirley,Female,64,333594,4.29
84,Angela,Female,64,94532,1.66
84,Angela,Female,64,49852,1.7
84,Angela,Female,64,28290,3.26
84,Angela,Female,64,39253,3.09
84,Angela,Female,64,73624,4.48
84,Angela,Female,64,69152,1.38
84,Angela,Female,64,18444,3.54
84,Angela,Female,64,84771,2.89
84,Angela,Female,64,84364,4.78
84,Angela,Female,64,70006,4.07
84,Angela,Female,64,404762,3.6
84,Angela,Female,64,37467,4.93
84,Angela,Female,64,29478,4.58
84,Angela,Female,64,412467,4.53
84,Angela,Female,64,179085,2.11
84,Angela,Female,64,57655,3.56
84,Angela,Female,64,13279,2.93
84,Angela,Female,64,6003,3.9
84,Angela,Female,64,14040,2.15
84,Angela,Female,64,43499,1.97
84,Angela,Female,64,393732,3.58
84,Angela,Female,64,155386,4.78
84,Angela,Female,64,70842,3.08
84,Angela,Female,64,63348,4.21
85,Helen,Female,36,187569,1.9
85,Helen,Female,36,96793,2.1
85,Helen,Female,36,95838,3.23
86,Anna,Female,19,227690,1.3
86,Anna,Female,19,34732,3.05
86,Anna,Female,19,56332,3.89
86,Anna,Female,19,12706,2.67
86,Anna,Female,19,42548,3.52
86,Anna,Female,19,135718,2.64
86,Anna,Female,19,9041,1.63
86,Anna,Female,19,253292,2.48
86,Anna,Female,19,120149,2.98
86,Anna,Female,19,28366,1.59
86,Anna,Female,19,53403,4.33
86,Anna,Female,19,1945,2.02
86,Anna,Female,19,216580,1.94
86,Anna,Female,19,42532,1.91
86,Anna,Female,19,15800,4.57
86,Anna,Female,19,220493,3.54
86,Anna,Female,19,42580,2.92
86,Anna,Female,19,277834,2.99
86,Anna,Female,19,21072,4.78
86,Anna,Female,19,461634,1.47
86,Anna,Female,19,198661,4.64
86,Anna,Female,19,364324,3.03
86,Anna,Female,19,92323,4.01
86,Anna,Female,19,15711,4.38
86,Anna,Female,19,145909,2.8
87,Brenda,Female,19,248543,4.45
87,Brenda,Female,19,253306,2.18
87,Brenda,Female,19,433245,1.7
87,Brenda,Female,19,21810,3.25
87,Brenda,Female,19,255160,2.58
87,Brenda,Female,19,18910,2.41
87,Brenda,Female,19,73116,1.95
87,Brenda,Female,19,459295,2.82
87,Brenda,Female,19,1374,4.9
87,Brenda,Female,19,1874,4.2
87,Brenda,Female,19,261433,2.09
87,Brenda,Female,19,37259,2.86
87,Brenda,Female,19,333126,4.66
87,Brenda,Female,19,63044,3.12
87,Brenda,Female,19,45803,1.99
87,Brenda,Female,19,214209,4.41
87,Brenda,Female,19,51844,2.76
87,Brenda,Female,19,149657,2.95
87,Brenda,Female,19,121565,4.48
87,Brenda,Female,19,10606,1.19
87,Brenda,Female,19,296367,2.88
87,Brenda,Female,19,121317,2.72
87,Brenda,Female,19,10603,4.15
87,Brenda,Female,19,76651,3.28
87,Brenda,Female,19,280178,1.03
87,Brenda,Female,19,172897,4.09
87,Brenda,Female,19,35796,1.33
87,Brenda,Female,19,250880,1.32
87,Brenda,Female,19,131433,2.82
87,Brenda,Female,19,20388,2.73
87,Brenda,Female,19,46278,1.97
87,Brenda,Female,19,47177,4.4
87,Brenda,Female,19,65041,2.74
87,Brenda,Female,19,59139,2.16
87,Brenda,Female,19,309,4.91
87,Brenda,Female,19,118758,4.71
87,Brenda,Female,19,55150,4.42
87,Brenda,Female,19,37185,3.62
87,Brenda,Female,19,12701,3.69
87,Brenda,Female,19,53827,2.8
87,Brenda,Female,19,328712,2.16
87,Brenda,Female,19,326255,1.62
87,Brenda,Female,19,8870,4.3
87,Brenda,Female,19,319074,2.81
87,Brenda,Female,19,78997,4.12
87,Brenda,Female,19,42941,3.28
87,Brenda,Female,19,14204,4.41
88,Pamela,Female,39,8932,3.24
88,Pamela,Female,39,10492,4.54
88,Pamela,Female,39,438634,3.28
88,Pamela,Female,39,10010,1.48
88,Pamela,Female,39,53505,2.5
88,Pamela,Female,39,94555,3.8
88,Pamela,Female,39,18423,4.21
88,Pamela,Female,39,3088,1.36
88,Pamela,Female,39,13387,1.81
88,Pamela,Female,39,161460,3.81
88,Pamela,Female,39,24409,3.65
88,Pamela,Female,39,37584,4.63
88,Pamela,Female,39,119374,3.63
88,Pamela,Female,39,175331,1.12
88,Pamela,Female,39,260,3.55
88,Pamela,Female,39,48773,3.01
88,Pamela,Female,39,18116,3.66
88,Pamela,Female,39,103785,3.71
88,Pamela,Female,39,84951,2.75
88,Pamela,Female,39,53399,4.28
88,Pamela,Female,39,103875,1.24
88,Pamela,Female,39,11020,1.63
88,Pamela,Female,39,62676,2.25
88,Pamela,Female,39,47971,1.05
88,Pamela,Female,39,24164,1.36
88,Pamela,Female,39,79591,4.32
88,Pamela,Female,39,123279,2.4
88,Pamela,Female,39,13341,3.83
88,Pamela,Female,39,140511,1.9
88,Pamela,Female,39,288521,4.24
88,Pamela,Female,39,151732,3.94
88,Pamela,Female,39,276624,2.31
88,Pamela,Female,39,783,3.28
88,Pamela,Female,39,43194,1.24
88,Pamela,Female,39,277594,1.48
88,Pamela,Female,39,341174,2.05
88,Pamela,Female,39,239877,1.67
88,Pamela,Female,39,118497,2.26
88,Pamela,Female,39,48962,2.94
88,Pamela,Female,39,52653,2.21
88,Pamela,Female,39,63320,2.53
88,Pamela,Female,39,32588,2.28
88,Pamela,Female,39,42529,3.95
88,Pamela,Female,39,300210,4.97
88,Pamela,Female,39,77076,1.57
88,Pamela,Female,39,6078,4.99
88,Pamela,Female,39,94105,1.25
89,Nicole,Female,52,55725,3.15
89,Nicole,Female,52,342464,1.58
89,Nicole,Female,52,210609,2.66
89,Nicole,Female,52,34151,1.24
89,Nicole,Female,52,59006,3.38
89,Nicole,Female,52,345426,4.41
89,Nicole,Female,52,455368,3.34
89,Nicole,Female,52,278935,2.95
89,Nicole,Female,52,258476,2.23
89,Nicole,Female,52,347331,1.8
89,Nicole,Female,52,4978,2.93
89,Nicole,Female,52,288430,4.05
89,Nicole,Female,52,346641,3.58
89,Nicole,Female,52,18530,2.59
89,Nicole,Female,52,13616,1.62
89,Nicole,Female,52,235,2.21
89,Nicole,Female,52,62876,1.24
89,Nicole,Female,52,61807,4.76
89,Nicole,Female,52,165095,3.46
89,Nicole,Female,52,429732,1.57
89,Nicole,Female,52,31345,1.03
89,Nicole,Female,52,45360,2.39
89,Nicole,Female,52,39773,3.72
89,Nicole,Female,52,3870,2.44
89,Nicole,Female,52,441881,3.1
89,Nicole,Female,52,64567,2.53
89,Nicole,Female,52,127987,4.24
89,Nicole,Female,52,38811,3.68
89,Nicole,Female,52,41996,2.8
89,Nicole,Female,52,55253,4.31
89,Nicole,Female,52,16672,4.26
89,Nicole,Female,52,11128,2.81
89,Nicole,Female,52,52960,4.07
89,Nicole,Female,52,26178,3.97
90,Samantha,Female,61,206,3.57
90,Samantha,Female,61,38446,2.44
90,Samantha,Female,61,4597,4.23
90,Samantha,Female,61,42326,2.73
90,Samantha,Female,61,119944,1.42
90,Samantha,Female,61,57393,4.8
90,Samantha,Female,61,65718,2.49
90,Samantha,Female,61,607,4.9
90,Samantha,Female,61,88937,2.23
90,Samantha,Female,61,10802,1.13
90,Samantha,Female,61,39345,2.13
90,Samantha,Female,61,20507,2.53
90,Samantha,Female,61,85220,2.49
90,Samantha,Female,61,39780,1.42
90,Samantha,Female,61,15613,1.8
90,Samantha,Female,61,358243,2.64
91,Katherine,Female,40,29267,3.68
91,Katherine,Female,40,333165,4.4
91,Katherine,Female,40,81850,1.85
91,Katherine,Female,40,210769,2.95
91,Katherine,Female,40,429713,2.91
91,Katherine,Female,40,985,2.93
91,Katherine,Female,40,30180,2.16
91,Katherine,Female,40,39414,4.99
91,Katherine,Female,40,26643,1.86
91,Katherine,Female,40,170094,4.27
91,Katherine,Female,40,4412,4.54
91,Katherine,Female,40,89453,1.39
91,Katherine,Female,40,20525,1.75
91,Katherine,Female,40,287594,3.83
91,Katherine,Female,40,52117,1.96
91,Katherine,Female,40,89560,4.65
91,Katherine,Female,40,22765,2.43
91,Katherine,Female,40,183635,3.6
91,Katherine,Female,40,18166,3.71
91,Katherine,Female,40,99251,4.08
91,Katherine,Female,40,5157,1.84
91,Katherine,Female,40,10518,4.13
91,Katherine,Female,40,402529,3.87
91,Katherine,Female,40,96721,1.88
91,Katherine,Female,40,29044,1.05
91,Katherine,Female,40,232496,4.88
91,Katherine,Female,40,25434,3.06
91,Katherine,Female,40,12777,2.91
91,Katherine,Female,40,9799,3.52
91,Katherine,Female,40,11401,3.05
91,Katherine,Female,40,32124,3.11
91,Katherine,Female,40,349790,1.86
91,Katherine,Female,40,226188,3.99
91,Katherine,Female,40,32692,1.38
91,Katherine,Female,40,136735,3.46
91,Katherine,Female,40,53419,2.25
91,Katherine,Female,40,12838,2.16
91,Katherine,Female,40,195468,4.93
91,Katherine,Female,40,29074,3.78
91,Katherine,Female,40,18803,1.37
92,Emma,Female,25,2291,2.48
92,Emma,Female,25,48008,1.15
92,Emma,Female,25,11674,2.19
92,Emma,Female,25,345735,3.82
92,Emma,Female,25,28580,4.14
92,Emma,Female,25,77663,2.11
92,Emma,Female,25,89191,4.99
92,Emma,Female,25,87060,3.25
92,Emma,Female,25,121369,1.47
92,Emma,Female,25,74955,1.22
92,Emma,Female,25,323788,2.89
92,Emma,Female,25,89750,2.72
92,Emma,Female,25,76825,2.74
92,Emma,Female,25,37573,3.06
92,Emma,Female,25,706,4.18
92,Emma,Female,25,293828,3.72
92,Emma,Female,25,41571,1.31
92,Emma,Female,25,420245,4.55
92,Emma,Female,25,301730,3.08
92,Emma,Female,25,96186,3.57
92,Emma,Female,25,36807,3.03
92,Emma,Female,25,293901,2.13
92,Emma,Female,25,50506,3.85
92,Emma,Female,25,32577,4.43
92,Emma,Female,25,11620,2.44
92,Emma,Female,25,9626,4.43
92,Emma,Female,25,122906,4.58
92,Emma,Female,25,49967,4.53
92,Emma,Female,25,115565,4.86
92,Emma,Female,25,50340,3.43
92,Emma,Female,25,19974,4.96
92,Emma,Female,25,374003,1.95
92,Emma,Female,25,18221,4.22
92,Emma,Female,25,47354,2.85
92,Emma,Female,25,6957,4.67
92,Emma,Female,25,127370,2.0
92,Emma,Female,25,346808,3.68
92,Emma,Female,25,39641,1.87
92,Emma,Female,25,1059,1.57
93,Ruth,Female,19,97683,2.39
93,Ruth,Female,19,244114,1.01
93,Ruth,Female,19,184578,1.17
93,Ruth,Female,19,89704,1.7
93,Ruth,Female,19,28753,3.92
93,Ruth,Female,19,101998,4.84
93,Ruth,Female,19,3133,3.65
93,Ruth,Female,19,109326,4.17
93,Ruth,Female,19,373471,2.49
93,Ruth,Female,19,10342,4.33
93,Ruth,Female,19,18643,1.15
93,Ruth,Female,19,12472,1.27
93,Ruth,Female,19,52726,2.95
93,Ruth,Female,19,236053,1.46
93,Ruth,Female,19,244403,2.3
93,Ruth,Female,19,8353,4.06
93,Ruth,Female,19,301016,2.16
93,Ruth,Female,19,81202,2.63
93,Ruth,Female,19,42182,3.02
93,Ruth,Female,19,199415,3.76
93,Ruth,Female,19,34327,2.52
93,Ruth,Female,19,30082,4.34
93,Ruth,Female,19,51619,4.73
93,Ruth,Female,19,33379,3.94
93,Ruth,Female,19,171861,3.87
93,Ruth,Female,19,101908,4.39
93,Ruth,Female,19,189215,2.28
93,Ruth,Female,19,166393,4.55
93,Ruth,Female,19,887,4.79
93,Ruth,Female,19,132928,1.0
93,Ruth,Female,19,24073,2.48
93,Ruth,Female,19,43984,3.73
93,Ruth,Female,19,24603,4.05
93,Ruth,Female,19,130374,3.66
93,Ruth,Female,19,24973,1.38
93,Ruth,Female,19,293299,4.97
93,Ruth,Female,19,170477,1.9
93,Ruth,Female,19,112698,4.18
93,Ruth,Female,19,74579,1.62
93,Ruth,Female,19,333674,3.55
93,Ruth,Female,19,1394,4.07
93,Ruth,Female,19,73281,4.78
93,Ruth,Female,19,18901,1.97
93,Ruth,Female,19,75900,4.07
93,Ruth,Female,19,32069,1.58
93,Ruth,Female,19,217172,4.47
94,Christine,Female,45,31283,2.26
94,Christine,Female,45,227700,2.74
94,Christine,Female,45,26801,1.38
94,Christine,Female,45,195768,1.69
94,Christine,Female,45,92323,4.94
94,Christine,Female,45,33504,2.11
94,Christine,Female,45,81310,3.19
94,Christine,Female,45,11499,4.61
94,Christine,Female,45,141419,4.73
94,Christine,Female,45,47628,3.85
94,Christine,Female,45,63340,4.94
94,Christine,Female,45,358353,1.41
94,Christine,Female,45,436305,2.05
94,Christine,Female,45,156201,4.2
94,Christine,Female,45,273126,2.0
94,Christine,Female,45,131232,3.55
94,Christine,Female,45,15138,1.86
94,Christine,Female,45,37214,1.94
94,Christine,Female,45,51604,3.62
94,Christine,Female,45,54858,2.68
94,Christine,Female,45,26479,1.06
94,Christine,Female,45,253450,2.33
94,Christine,Female,45,68528,2.78
94,Christine,Female,45,137357,2.57
94,Christine,Female,45,13180,2.08
94,Christine,Female,45,96936,1.08
94,Christine,Female,45,216156,1.26
94,Christine,Female,45,54320,2.72
94,Christine,Female,45,78124,4.41
94,Christine,Female,45,86126,4.3
94,Christine,Female,45,93891,1.75
94,Christine,Female,45,79048,4.29
94,Christine,Female,45,91443,3.26
94,Christine,Female,45,280092,3.64
94,Christine,Female,45,25636,2.5
94,Christine,Female,45,299145,4.72
94,Christine,Female,45,407757,4.83
94,Christine,Female,45,252990,2.07
94,Christine,Female,45,55502,3.37
94,Christine,Female,45,35683,3.02
94,Christine,Female,45,228216,1.57
94,Christine,Female,45,55253,1.6
94,Christine,Female,45,2108,1.87
94,Christine,Female,45,230846,3.12
94,Christine,Female,45,65110,1.25
94,Christine,Female,45,154140,2.22
94,Christine,Female,45,5804,3.74
94,Christine,Female,45,325189,3.87
95,Catherine,Female,56,95012,1.29
95,Catherine,Female,56,42651,4.6
95,Catherine,Female,56,220976,4.72
95,Catherine,Female,56,1700,3.07
95,Catherine,Female,56,21136,2.62
95,Catherine,Female,56,67556,3.9
95,Catherine,Female,56,257238,4.27
95,Catherine,Female,56,59314,1.98
96,Debra,Female,36,47909,1.27
96,Debra,Female,36,461615,2.25
96,Debra,Female,36,326013,4.12
96,Debra,Female,36,85542,4.37
96,Debra,Female,36,85695,4.97
96,Debra,Female,36,50075,1.22
96,Debra,Female,36,18467,2.59
96,Debra,Female,36,150329,2.84
96,Debra,Female,36,19124,3.02
96,Debra,Female,36,23964,2.61
96,Debra,Female,36,21489,2.72
96,Debra,Female,36,24351,1.29
96,Debra,Female,36,10957,2.36
96,Debra,Female,36,83633,3.11
96,Debra,Female,36,215931,2.36
96,Debra,Female,36,213683,1.68
96,Debra,Female,36,128854,2.58
96,Debra,Female,36,77462,4.98
96,Debra,Female,36,33682,3.98
96,Debra,Female,36,196802,4.03
96,Debra,Female,36,12616,3.57
96,Debra,Female,36,265929,1.51
96,Debra,Female,36,333127,4.27
96,Debra,Female,36,55779,3.12
96,Debra,Female,36,59356,4.21
96,Debra,Female,36,238925,1.27
96,Debra,Female,36,1853,1.33
96,Debra,Female,36,506,1.33
96,Debra,Female,36,268712,3.02
96,Debra,Female,36,113936,4.55
96,Debra,Female,36,33689,4.97
96,Debra,Female,36,56651,2.26
96,Debra,Female,36,33273,1.52
96,Debra,Female,36,45949,1.4
96,Debra,Female,36,13849,4.44
96,Debra,Female,36,205361,2.39
96,Debra,Female,36,86983,3.68
96,Debra,Female,36,11765,1.66
96,Debra,Female,36,69393,4.5
96,Debra,Female,36,288788,2.89
96,Debra,Female,36,401222,2.33
96,Debra,Female,36,10699,4.83
96,Debra,Female,36,34506,3.83
96,Debra,Female,36,10894,1.61
96,Debra,Female,36,255746,2.72
96,Debra,Female,36,126732,1.61
96,Debra,Female,36,128960,2.23
96,Debra,Female,36,503,3.95
97,Rachel,Female,47,74289,2.5
97,Rachel,Female,47,90509,2.87
97,Rachel,Female,47,88107,1.11
97,Rachel,Female,47,28859,1.83
97,Rachel,Female,47,2981,3.07
97,Rachel,Female,47,293982,4.33
97,Rachel,Female,47,85502,4.73
97,Rachel,Female,47,144444,2.36
97,Rachel,Female,47,63665,3.46
97,Rachel,Female,47,159090,3.73
97,Rachel,Female,47,87925,3.38
97,Rachel,Female,47,58920,4.22
97,Rachel,Female,47,271717,1.82
97,Rachel,Female,47,136572,1.16
97,Rachel,Female,47,71209,1.36
97,Rachel,Female,47,64215,1.87
97,Rachel,Female,47,3056,1.45
97,Rachel,Female,47,64935,2.79
97,Rachel,Female,47,18562,3.8
97,Rachel,Female,47,88286,3.22
97,Rachel,Female,47,87851,2.97
97,Rachel,Female,47,238307,2.94
97,Rachel,Female,47,210302,4.68
97,Rachel,Female,47,58194,1.73
97,Rachel,Female,47,98096,4.05
97,Rachel,Female,47,335053,1.51
97,Rachel,Female,47,191829,4.46
97,Rachel,Female,47,81188,1.36
97,Rachel,Female,47,241797,4.46
97,Rachel,Female,47,26765,4.7
97,Rachel,Female,47,14583,1.62
97,Rachel,Female,47,131887,1.29
97,Rachel,Female,47,273153,2.76
97,Rachel,Female,47,13984,3.35
97,Rachel,Female,47,158079,2.57
97,Rachel,Female,47,47684,4.29
97,Rachel,Female,47,99600,1.7
97,Rachel,Female,47,41160,1.85
97,Rachel,Female,47,107928,2.92
97,Rachel,Female,47,27069,2.42
97,Rachel,Female,47,26663,4.04
97,Rachel,Female,47,96771,1.37
97,Rachel,Female,47,61939,3.3
97,Rachel,Female,47,8195,1.85
97,Rachel,Female,47,117969,4.77
97,Rachel,Female,47,28384,1.14
97,Rachel,Female,47,17245,4.25
97,Rachel,Female,47,70368,2.93
97,Rachel,Female,47,151123,1.31
97,Rachel,Female,47,30665,3.21
98,Carolyn,Female,54,146381,2.52
98,Carolyn,Female,54,12516,3.74
98,Carolyn,Female,54,258026,1.29
98,Carolyn,Female,54,159862,1.43
98,Carolyn,Female,54,45239,1.62
98,Carolyn,Female,54,43041,4.87
98,Carolyn,Female,54,147132,4.78
98,Carolyn,Female,54,83001,4.77
98,Carolyn,Female,54,8144,2.27
98,Carolyn,Female,54,161076,4.48
98,Carolyn,Female,54,128368,4.6
98,Carolyn,Female,54,2154,4.1
98,Carolyn,Female,54,1911,3.93
98,Carolyn,Female,54,47643,3.14
98,Carolyn,Female,54,14123,4.75
98,Carolyn,Female,54,108063,2.14
98,Carolyn,Female,54,91001,1.33
98,Carolyn,Female,54,52799,3.04
98,Carolyn,Female,54,45523,4.19
98,Carolyn,Female,54,159,2.61
99,Janet,Female,27,95552,1.27
99,Janet,Female,27,17835,3.62
99,Janet,Female,27,41978,4.52
99,Janet,Female,27,117259,4.73
99,Janet,Female,27,35001,1.84
99,Janet,Female,27,26118,2.25
99,Janet,Female,27,270025,1.77
99,Janet,Female,27,11477,2.48
99,Janet,Female,27,197624,2.72
99,Janet,Female,27,141138,1.55
99,Janet,Female,27,8884,1.17
99,Janet,Female,27,435921,4.84
99,Janet,Female,27,183827,2.12
99,Janet,Female,27,42230,2.44
99,Janet,Female,27,374173,3.71
99,Janet,Female,27,44618,2.55
99,Janet,Female,27,4954,2.99
100,Maria,Female,21,10330,2.4
100,Maria,Female,21,42645,2.09
100,Maria,Female,21,49264,2.96
100,Maria,Female,21,424643,2.39
100,Maria,Female,21,2104,3.93
100,Maria,Female,21,9331,1.16
100,Maria,Female,21,11458,3.98
100,Maria,Female,21,28484,2.48
100,Maria,Female,21,254193,2.54
100,Maria,Female,21,28938,2.02
100,Maria,Female,21,24881,3.04
100,Maria,Female,21,94241,4.43
100,Maria,Female,21,14584,1.88
100,Maria,Female,21,10060,3.07
100,Maria,Female,21,48689,4.95
100,Maria,Female,21,19087,4.21
100,Maria,Female,21,104522,2.07
100,Maria,Female,21,142914,2.58
100,Maria,Female,21,302502,3.84
100,Maria,Female,21,75162,3.82
100,Maria,Female,21,83761,1.01
100,Maria,Female,21,15097,1.7
100,Maria,Female,21,74666,3.62
100,Maria,Female,21,137654,3.3
100,Maria,Female,21,128129,1.29
100,Maria,Female,21,77964,4.88
100,Maria,Female,21,82858,4.69
100,Maria,Female,21,34671,3.83
100,Maria,Female,21,295045,4.12
100,Maria,Female,21,43355,1.35
100,Maria,Female,21,222772,4.38
100,Maria,Female,21,11702,4.97
100,Maria,Female,21,218098,1.45
100,Maria,Female,21,194079,2.74
100,Maria,Female,21,93188,3.69
100,Maria,Female,21,10281,2.15
100,Maria,Female,21,284289,2.06
100,Maria,Female,21,44549,3.89
100,Maria,Female,21,42399,1.58
100,Maria,Female,21,54690,2.69
100,Maria,Female,21,82624,1.61
